类别,问题,答案
现代医学,阿奇霉素注射液能和生理盐水配伍吗？,不能！阿奇霉素注射液只能用5%或10%葡萄糖注射液稀释，严禁使用生理盐水或其他含电解质的溶液。原因：阿奇霉素在电解质溶液中稳定性差，容易产生沉淀或变色。配制方法：①先用4.8ml注射用水溶解500mg阿奇霉素；②再用250-500ml葡萄糖注射液稀释；③浓度控制在1-2mg/ml；④滴注时间不少于60分钟；⑤避光输注；⑥现配现用。
现代医学,去乙酰毛花苷（西地兰）和钙剂能同时使用吗？,严格禁忌！洋地黄类药物（西地兰、地高辛）与钙剂同时使用会协同增强心肌收缩力，容易诱发心律失常，甚至室颤、心脏骤停。机制：钙离子与洋地黄都能增加心肌细胞内钙浓度，两者同时使用产生叠加效应。临床处理：①洋地黄治疗期间避免静脉补钙；②若必须补钙，应间隔4-6小时；③补钙时减慢滴速，密切监测心电图；④低钾血症时更易发生，先纠正低钾。
现代医学,多巴胺和碳酸氢钠能在同一通路使用吗？,严格禁止！多巴胺在碱性环境下会被氧化失活，溶液颜色由无色变为粉红色或棕色。碳酸氢钠为强碱性（pH 7.5-8.5），两者接触会导致多巴胺完全失效。使用注意：①多巴胺应单独使用葡萄糖注射液或生理盐水稀释；②与碱性药物需使用不同静脉通路；③避光输注；④观察溶液颜色，变色立即停用。
现代医学,硫酸镁注射液静脉滴注有什么注意事项？,硫酸镁静脉使用需严格控制！注意事项：①必须稀释后缓慢滴注，浓度不超过20%；②滴速不超过1g/小时（解痉）或1.5-2g/小时（抗惊厥）；③过快会导致：潮热、出汗、血压下降、呼吸抑制、心跳骤停；④不能与钙剂、碳酸氢钠、碱性药物配伍；⑤输注期间监测：呼吸频率、膝反射、尿量、血镁浓度；⑥肾功能不全者慎用；⑦备好钙剂作为解毒剂。
现代医学,左氧氟沙星和多价阳离子能配伍吗？,不能！左氧氟沙星（喹诺酮类抗生素）会与多价阳离子（钙、镁、铁、铝、锌）形成螯合物，生成不溶性沉淀，导致抗生素失效。禁止配伍的药物/溶液：①葡萄糖酸钙、氯化钙；②硫酸镁；③含铁剂；④含铝的制酸剂；⑤林格液。左氧氟沙星应单独使用葡萄糖注射液或生理盐水稀释，与含金属离子的药物间隔2小时以上。
现代医学,丙泊酚乳状注射液能和其他药物混合吗？,严格禁止！丙泊酚为脂肪乳剂，任何药物加入都可能导致破乳，出现油水分离、絮状物或颗粒。使用注意事项：①不能在丙泊酚中加入任何药物；②必须使用专用输液器；③不能与其他药物共用输液通路；④打开后6小时内用完；⑤输注前轻轻摇匀，观察是否有分层或颗粒；⑥输注完毕后用生理盐水或葡萄糖冲管后再输其他药物。
现代医学,甲硝唑注射液能和什么配伍？,甲硝唑注射液配伍范围有限！可配伍：①生理盐水；②5%葡萄糖注射液。禁止配伍：①碱性药物（碳酸氢钠、氨茶碱）会使甲硝唑降解；②头孢菌素类（部分）会产生沉淀；③维生素K会产生沉淀；④氨基糖苷类抗生素。使用注意：甲硝唑注射液本身已是成品输液，无需再稀释，直接避光输注即可；若需与其他抗生素联用，应分开给药，中间用生理盐水冲管。
现代医学,胺碘酮注射液使用有什么特殊要求？,胺碘酮使用要求严格！①必须用5%葡萄糖注射液稀释，严禁用生理盐水（会产生沉淀）；②浓度不超过2mg/ml（负荷量时可至6mg/ml，但只能用中心静脉）；③必须使用非PVC输液器（玻璃瓶、PE或专用输液器），PVC会吸附胺碘酮；④负荷量需中心静脉给药；⑤避光输注；⑥不能与其他药物配伍；⑦现配现用，配制后2小时内用完；⑧监测心率、血压、心电图。
现代医学,苯妥英钠注射液能和葡萄糖注射液配伍吗？,不能！苯妥英钠注射液（pH 12）为强碱性，只能用生理盐水稀释，严禁用葡萄糖注射液。原因：①苯妥英钠在葡萄糖溶液中会迅速析出结晶；②葡萄糖降低pH后苯妥英钠溶解度急剧下降；③可能堵塞输液器或血管。正确使用：①仅用0.9%氯化钠注射液稀释；②浓度不低于5mg/ml；③使用0.22μm滤器；④滴速不超过50mg/分钟；⑤不能与其他药物混合；⑥输注完毕后用生理盐水冲管。
现代医学,两性霉素B脂质体能和电解质溶液配伍吗？,不能！两性霉素B脂质体为脂质体制剂，电解质会破坏脂质体结构，导致药物快速释放，毒性增加。配制要求：①只能用5%葡萄糖注射液稀释；②严禁使用生理盐水或任何含电解质的溶液；③不能加入其他药物；④使用1.2μm滤器；⑤避光输注；⑥滴注时间不少于2小时；⑦浓度0.2-2mg/ml；⑧使用专用输液器，不与其他药物共用管路；⑨输注前后用葡萄糖注射液冲管。
现代医学,肾上腺素注射液稳定性如何？,肾上腺素（儿茶酚胺类）稳定性差，易氧化！注意事项：①避光保存，光照下会氧化变色（粉红→棕色）；②碱性环境下迅速氧化失效，不能与碳酸氢钠、氨茶碱等碱性药物配伍；③氧化后产生肾上腺素红，失去药效；④溶液变色立即废弃；⑤用生理盐水或葡萄糖注射液稀释；⑥现用现配；⑦金属离子（铁、铜）会催化氧化，避免接触；⑧抢救时备新鲜药液。
现代医学,硝普钠注射液如何正确使用？,硝普钠使用必须避光！①硝普钠见光迅速分解产生氰化物（剧毒），溶液由棕色→蓝色→绿色；②必须用5%葡萄糖注射液稀释（生理盐水中稳定性差）；③输液瓶、输液器必须用黑色或铝箔纸完全包裹避光；④现配现用，4小时内用完；⑤若溶液变色立即废弃；⑥连续使用监测血氰、硫氰酸盐浓度；⑦肝肾功能不全者慎用；⑧不与其他药物混合；⑨微量泵精确控制滴速。
现代医学,万古霉素注射液输注速度有什么要求？,万古霉素必须缓慢滴注！注意事项：①每500mg至少滴注60分钟，不能快速推注；②快速输注会引起"红人综合征"：面部、颈部、上身潮红、瘙痒、低血压、心动过速；③机制：组胺释放，非过敏反应；④浓度不超过5mg/ml；⑤必须稀释后使用，用葡萄糖或生理盐水稀释；⑥出现红人综合征时：减慢滴速或暂停，抗组胺药处理；⑦监测血药浓度，防止肾毒性、耳毒性；⑧不与碱性药物配伍。
现代医学,顺铂注射液配制有什么注意事项？,顺铂配制要求严格！①只能用生理盐水或含氯化钠的溶液稀释，严禁用葡萄糖注射液或不含氯离子的溶液；②原因：氯离子维持顺铂稳定性，缺少氯离子会导致顺铂水解，毒性增加，抗肿瘤活性下降；③不能使用含铝的器具（针头、注射器），铝会置换出铂，使药物失效并产生黑色沉淀；④避光；⑤不与其他药物混合；⑥配制后使用时间有限；⑦使用前检查是否有黑色沉淀。
现代医学,奥沙利铂注射液能和生理盐水配伍吗？,不能！奥沙利铂（第三代铂类）只能用5%葡萄糖注射液稀释，严禁使用生理盐水或含氯离子的溶液。原因：氯离子会导致奥沙利铂降解，疗效降低。使用要求：①用250-500ml 5%葡萄糖注射液稀释；②不能使用含铝的器具；③避光；④输注时间2-6小时；⑤不与碱性药物配伍；⑥输液器、冲管液都不能含氯离子；⑦输注完毕后用5%葡萄糖冲管，不用生理盐水。
现代医学,紫杉醇注射液使用有什么特殊要求？,紫杉醇使用要求极为特殊！①严禁使用PVC容器和输液器，必须用玻璃瓶、聚乙烯（PE）或聚丙烯（PP）容器及输液器；②PVC会吸附紫杉醇并释放增塑剂DEHP（有毒）；③使用0.22μm或更小的在线滤器；④用生理盐水或5%葡萄糖稀释；⑤浓度0.3-1.2mg/ml；⑥避光；⑦输注前必须预处理（地塞米松、苯海拉明、H2受体拮抗剂）防止过敏；⑧输注时间3小时；⑨配制后27小时内用完。
现代医学,环磷酰胺注射液配制有什么要求？,环磷酰胺配制相对简单但需注意！①用注射用水或生理盐水溶解；②溶解后的溶液可用生理盐水或5%葡萄糖稀释；③现配现用，室温下6小时内用完（溶液稳定性下降）；④避免与含硫溶液配伍；⑤不建议与其他化疗药物混合；⑥属于细胞毒性药物，配制时需要个人防护；⑦输注完毕后充分冲管；⑧大剂量使用时需要大量补液防止出血性膀胱炎。
现代医学,氟尿嘧啶注射液能和酸性药物配伍吗？,不能！氟尿嘧啶（5-FU）在酸性环境（pH＜8）下会析出结晶。禁止配伍：①维生素C（强酸性）；②氨基酸注射液；③盐酸类药物；④酸性抗生素。氟尿嘧啶应用生理盐水或葡萄糖注射液稀释，pH应控制在8-9之间。若与酸性药物同时使用，必须分开不同通路给药。配制后观察是否有结晶析出，有结晶立即停用。避光保存。
现代医学,甲氨蝶呤大剂量使用时需要注意什么？,甲氨蝶呤大剂量（＞1g/m2）使用需要特殊处理！①必须碱化尿液，使尿pH＞7.0，防止甲氨蝶呤在肾小管结晶析出导致肾损伤；②使用碳酸氢钠静脉滴注碱化尿液；③大量补液利尿（3000ml/m2/天）；④监测尿pH、肾功能、血药浓度；⑤48小时后开始亚叶酸钙解救；⑥不与酸性药物配伍；⑦避光输注；⑧用生理盐水或葡萄糖注射液稀释；⑨输液器避免使用含PVC的。
现代医学,阿糖胞苷注射液能和肝素配伍吗？,不能！阿糖胞苷与肝素混合会产生沉淀。此外：①阿糖胞苷可用生理盐水或葡萄糖注射液稀释；②pH应在7.0-9.0之间；③避免与酸性药物配伍；④不与其他化疗药物混合；⑤对橡胶和部分塑料有吸附，使用玻璃或聚丙烯容器较好；⑥配制后室温下48小时稳定（但建议现配现用）；⑦可用于鞘内注射（必须用无防腐剂的制剂）；⑧属于细胞毒性药物，操作时防护。
现代医学,红霉素和氯化钠注射液能配伍使用吗？,不建议配伍！红霉素在氯化钠注射液中稳定性差，容易降解失效。推荐使用5%或10%葡萄糖注射液作为溶媒。配制时注意：①红霉素应溶于葡萄糖注射液中；②浓度不宜过高，建议稀释至500ml以上；③避光输注；④现配现用，不超过4小时；⑤滴速不宜过快，防止静脉炎。
现代医学,去甲肾上腺素能和碳酸氢钠溶液混合吗？,严格禁止！去甲肾上腺素在碱性环境下会迅速氧化失效，变成红棕色。碳酸氢钠为强碱性溶液（pH 7.5-8.5），两者混合会导致去甲肾上腺素完全失去升压作用。临床使用时：①去甲肾上腺素应单独使用5%葡萄糖注射液或生理盐水稀释；②与碱性药物必须分开给药；③使用专用通路。
现代医学,硝酸甘油注射液能用普通输液器输注吗？,不能！硝酸甘油为脂溶性药物，会被PVC材质的普通输液器大量吸附，导致实际输入量仅为配制量的50%左右。正确做法：①必须使用专用的非PVC输液器（如PE、玻璃或专用硝酸甘油输液器）；②使用玻璃瓶配制；③避光输注；④根据血压和疗效调整滴速；⑤现用现配。
现代医学,氨溴索注射液能和什么溶媒配伍？,氨溴索只能用生理盐水稀释！严禁使用：①葡萄糖注射液：氨溴索在含糖溶液中会迅速降解；②碱性溶液：pH＞6.3时会产生沉淀；③林格液等复合电解质溶液。正确使用：用0.9%氯化钠注射液稀释，浓度不低于0.6mg/ml，现配现用，避光保存，配制后2小时内用完。
现代医学,头孢哌酮钠舒巴坦钠能和氨基酸注射液配伍吗？,不建议配伍！头孢哌酮钠舒巴坦钠与氨基酸注射液混合可能出现：①pH改变导致药物稳定性下降；②氨基酸中的氨基可能与β-内酰胺环反应；③产生浑浊或沉淀。临床使用：分开给药，头孢哌酮钠舒巴坦钠应单独用生理盐水或葡萄糖注射液稀释，输注完毕后用生理盐水冲管再输注其他药物。
现代医学,维生素K1注射液应该选择什么溶媒？,维生素K1只能用葡萄糖注射液稀释！严禁使用生理盐水，因为：①维生素K1为脂溶性，在生理盐水中溶解度极低；②会析出黄色结晶或油滴；③可能导致血管栓塞。正确使用：①用5%或10%葡萄糖注射液稀释至50-100ml；②避光缓慢静滴，不少于30分钟；③避免与碱性药物（氨茶碱、碳酸氢钠）配伍。
现代医学,美罗培南和丙戊酸钠能同时使用吗？,严格禁忌！美罗培南（碳青霉烯类抗生素）会显著降低丙戊酸钠的血药浓度，可使血药浓度下降60-100%，导致癫痫发作控制不佳。机制：美罗培南抑制丙戊酸钠的肾小管重吸收，加速其排泄。临床处理：①癫痫患者避免使用美罗培南，改用其他抗生素；②若必须使用，需增加丙戊酸钠剂量并监测血药浓度；③停用美罗培南后丙戊酸钠浓度会快速回升。
现代医学,西咪替丁和茶碱类药物能配伍使用吗？,可以同时使用但不能配伍，且需调整剂量！西咪替丁是肝药酶抑制剂，会减慢茶碱的代谢，使茶碱血药浓度升高1.5-2倍，可能导致茶碱中毒（心律失常、恶心、呕吐、抽搐）。临床处理：①两药分开给药；②同时使用时茶碱剂量应减少30-50%；③监测茶碱血药浓度；④老年人更易发生相互作用，需特别注意。
现代医学,氨曲南和维生素C能配伍使用吗？,不建议配伍！氨曲南（单环β-内酰胺类）在酸性环境下稳定性下降，维生素C为酸性（pH 5.5-7），混合后会加速氨曲南的降解。配伍后可能出现：①药效降低；②溶液颜色改变（变黄）；③分解产物增加。正确使用：氨曲南单独使用生理盐水或葡萄糖注射液稀释，与酸性药物（维生素C、氨基酸等）分开给药，中间用生理盐水冲管。
现代医学,呋塞米注射液能和酸性药物配伍吗？,不能！呋塞米为弱碱性药物（pH 8.5-9.5），在酸性环境下会析出沉淀。禁止配伍的酸性药物：①维生素C；②盐酸多巴胺；③盐酸多巴酚丁胺；④氨基酸注射液；⑤稀盐酸。呋塞米应单独使用生理盐水或葡萄糖注射液稀释，避光保存，现配现用。若需与酸性药物同时使用，应分开不同通路给药或用生理盐水充分冲管。
现代医学,氨基酸注射液能和维生素C混合使用吗？,可以配伍但需注意条件！氨基酸注射液（pH 5.5-6.5）与维生素C（pH 5.5-7）可以混合，但需注意：①维生素C浓度不宜过高，避免pH过低；②需在配制全营养液（TPN）时才建议混合；③加入维生素C后应在24小时内用完；④避光保存；⑤不能同时加入碱性药物；⑥观察是否有变色或沉淀，有异常立即停用。
现代医学,胰岛素能和氨基酸注射液混合使用吗？,不建议直接混合！虽然在配制全营养液（TPN）时可加入胰岛素，但需注意：①胰岛素会吸附在输液容器和管路上，实际输入量可能减少30-50%；②应在配制完成后最后加入胰岛素；③使用玻璃瓶或专用TPN袋可减少吸附；④需根据血糖监测调整剂量；⑤不能与脂肪乳直接接触。
现代医学,头孢噻肟钠能和含钙溶液配伍吗？,可以！与头孢曲松不同，头孢噻肟钠不会与钙离子形成不溶性盐，可以与含钙溶液（葡萄糖酸钙、林格液等）配伍使用。但仍需注意：①现配现用，2小时内用完；②观察是否有沉淀或变色；③新生儿和婴儿使用时仍需谨慎；④与其他头孢菌素一样，不能与氨基糖苷类在同一容器混合；⑤避免与碱性药物配伍。
现代医学,氯丙嗪注射液能和去甲肾上腺素配伍吗？,药理学拮抗，不建议同时使用！氯丙嗪（抗精神病药）具有α受体阻断作用，会削弱去甲肾上腺素的升压效果，甚至可能导致血压进一步下降（反常性低血压）。若必须同时使用：①分开给药，使用不同通路；②增加去甲肾上腺素剂量；③密切监测血压；④可考虑改用其他升压药（如去氧肾上腺素）；⑤避免两药在同一容器混合。
现代医学,复方氨基酸注射液能和脂肪乳混合吗？,可以混合但需严格按顺序！配制全营养液（TPN）时：①必须按照"氨基酸→葡萄糖→电解质→微量元素→维生素→脂肪乳"的顺序加入；②脂肪乳必须最后加入；③每加入一种成分后充分混匀；④观察是否有破乳、分层、沉淀；⑤使用专用TPN袋；⑥配制后24小时内用完；⑦避光保存；⑧不能再加入其他药物；⑨使用前轻轻混匀，检查外观。
现代医学,地西泮注射液能用生理盐水稀释吗？,不推荐！地西泮为脂溶性药物，在水溶液中溶解度极低，用生理盐水或葡萄糖注射液稀释会析出结晶或产生浑浊。正确使用：①通常不稀释，缓慢静脉推注（不超过5mg/分钟）；②若必须稀释，只能用其专用稀释剂；③不能与其他药物混合；④不能肌肉注射（吸收慢且不完全）；⑤注射后可能出现静脉炎，选择较粗静脉；⑥推注时观察呼吸抑制。
现代医学,注射用泮托拉唑钠能和什么配伍？,泮托拉唑配伍要求严格！可配伍：①5%或10%葡萄糖注射液；②生理盐水；③林格液。禁止配伍：①不能与EDTA或其他金属螯合剂混合；②避免与其他药物混合，包括：维生素、电解质补充剂、其他抗生素；③锌制剂会使泮托拉唑失效。正确使用：用10ml生理盐水溶解后，再用100ml溶媒稀释，15分钟内滴完；现配现用，配制后2小时内用完；避光保存。
现代医学,注射用兰索拉唑使用注意事项,兰索拉唑配制要求！①只能用专用稀释液或注射用水溶解；②溶解后立即用葡萄糖注射液或生理盐水稀释至50ml；③严禁与其他药物混合，包括：维生素、抗生素、电解质；④现配现用，室温下1小时内用完；⑤避光保存；⑥滴注时间不少于30分钟；⑦不能与含锌制剂同时使用；⑧pH敏感，避免与酸性或强碱性药物配伍。
现代医学,注射用奥美拉唑钠使用要点,奥美拉唑钠配制要求！①先用5ml生理盐水或注射用水溶解；②再用100ml生理盐水或葡萄糖注射液稀释；③严禁与酸性药物配伍（维生素C、氨基酸等）；④避光输注；⑤滴注时间20-30分钟；⑥现配现用，配制后12小时内用完；⑦不能与其他药物混合；⑧溶液变黄或有沉淀立即停用；⑨输注完毕后用生理盐水或葡萄糖冲管。
现代医学,盐酸多巴酚丁胺注射液使用注意,多巴酚丁胺（强心药）使用要点！①用5%葡萄糖注射液或生理盐水稀释；②避光保存；③禁止与碱性药物配伍（碳酸氢钠、氨茶碱），会氧化失效；④溶液变色（粉红色或棕色）立即停用；⑤不能与β受体阻滞剂同时使用（拮抗）；⑥浓度不超过5mg/ml；⑦现配现用，24小时内用完；⑧微量泵持续泵入；⑨监测心率、血压、心电图；⑩不与肝素在同一管路。
现代医学,注射用还原型谷胱甘肽配伍禁忌,还原型谷胱甘肽配伍要求！①只能用生理盐水或5%葡萄糖注射液稀释；②严禁与以下药物配伍：维生素K、维生素B12、钙剂、抗生素（青霉素、头孢类）、碱性药物；③原因：谷胱甘肽是还原剂，会与氧化性药物反应失效；④避光输注；⑤现配现用，2小时内用完；⑥pH 6-7最稳定；⑦不能与化疗药物配伍；⑧输注速度不宜过快。
现代医学,奥扎格雷钠注射液配伍注意事项,奥扎格雷钠（抗血小板药）使用要点！①可用生理盐水或5%葡萄糖注射液稀释；②禁止与以下药物配伍：碱性药物（碳酸氢钠）、钙剂、头孢菌素类抗生素；③会产生沉淀或变色；④避光保存；⑤现配现用，8小时内用完；⑥不与抗凝药（肝素、华法林）在同一管路；⑦监测出血倾向；⑧输注完毕冲管；⑨与其他药物间隔给药。
现代医学,注射用血栓通（冻干）配伍禁忌,血栓通（三七总皂苷）配伍要求！①只能用5%或10%葡萄糖注射液或生理盐水稀释；②严禁与以下药物配伍：维生素C、维生素K、钙剂、碱性药物、抗生素；③可能产生沉淀或变色；④需单独使用一条静脉通路；⑤滴速不宜过快（40-60滴/分钟）；⑥现配现用，4小时内用完；⑦过敏体质者慎用；⑧输注时观察过敏反应；⑨不与其他中药注射剂配伍。
现代医学,注射用丹参（冻干）使用注意,丹参注射液配伍禁忌！①用5%或10%葡萄糖注射液或生理盐水稀释至250-500ml；②严禁与以下配伍：维生素C、维生素K、钙剂、抗生素（头孢类、青霉素类）、中药注射剂；③可能产生沉淀、变色或絮状物；④需单独静脉通路；⑤滴速40-60滴/分钟；⑥现配现用，当天用完；⑦输注时监测过敏反应；⑧与抗凝药同用需监测凝血功能。
现代医学,醒脑静注射液配伍禁忌,醒脑静（中药注射剂）使用要求！①只能用5%或10%葡萄糖注射液稀释，禁用生理盐水；②严禁与任何其他药物配伍，包括：西药、其他中药注射剂、维生素、电解质；③必须单独使用一条静脉通路；④现配现用，2小时内用完；⑤滴速不超过40滴/分钟；⑥首次使用需做过敏试验；⑦输注时严密监测过敏反应；⑧与其他药物间隔至少30分钟；⑨输液前后用葡萄糖注射液冲管。
现代医学,参麦注射液配伍禁忌,参麦注射液（中药）使用注意！①可用5%葡萄糖注射液或生理盐水稀释；②严禁与以下配伍：抗生素、维生素类、电解质、其他中药注射剂、碱性药物；③必须单独静脉通路；④滴速控制在40滴/分钟以内；⑤现配现用，当天用完；⑥儿童、孕妇慎用；⑦首次使用观察过敏反应；⑧不与藜芦、五灵脂等中药同用；⑨输注前后用稀释液冲管。
现代医学,参附注射液使用注意事项,参附注射液（急救用中药）配伍禁忌！①只能用5%或10%葡萄糖注射液稀释，禁用生理盐水；②严禁与任何药物配伍；③需单独静脉通路；④抢救时可快速滴注，非抢救时滴速不超过60滴/分钟；⑤现配现用；⑥监测心率、血压；⑦过敏体质慎用；⑧孕妇禁用；⑨不与藜芦、半夏等配伍；⑩输注前后冲管。
现代医学,生脉注射液配伍注意,生脉注射液（中药）使用要求！①可用5%葡萄糖注射液或生理盐水稀释；②禁止与以下配伍：抗生素、维生素、钙剂、其他中药注射剂；③单独静脉通路；④滴速40-60滴/分钟；⑤现配现用；⑥儿童用量酌减；⑦监测过敏反应；⑧与藜芦相反，不能同用；⑨输注前后用稀释液冲管；⑩稀释后4小时内用完。
现代医学,头孢曲松钠能和葡萄糖酸钙一起输液吗？,严格禁止！头孢曲松钠与任何含钙制剂（葡萄糖酸钙、氯化钙）配伍会立即产生白色沉淀，形成头孢曲松钙盐结晶。这种沉淀可导致肺栓塞、肾结石，严重时危及生命。两者必须间隔48小时以上使用，且需更换输液器。新生儿和婴儿禁用此组合。
现代医学,青霉素和庆大霉素能混在同一个输液瓶里吗？,不能！青霉素类（青霉素、氨苄西林）不能与氨基糖苷类（庆大霉素、阿米卡星）在同一容器混合。原因：①青霉素的β-内酰胺环会使氨基糖苷类失活；②两者pH值不同，混合后互相破坏药效。临床使用时应分开给药，间隔至少1小时，中间用生理盐水冲管。
现代医学,维生素C注射液可以和青霉素一起滴注吗？,禁止配伍！维生素C为强酸性（pH 5.5-7），青霉素在酸性环境下会快速水解失效，半衰期从正常的30分钟缩短至几分钟。混合后会导致青霉素完全失去抗菌作用。若患者同时需要两种药物，应分开使用不同的静脉通路，或间隔2小时以上给药。
现代医学,奥美拉唑和维生素C能在同一输液管中使用吗？,严格禁止！奥美拉唑为碱性药物（pH 9-11），在酸性环境下立即分解。维生素C为酸性药物（pH 5.5-7），两者混合会发生酸碱中和反应，导致奥美拉唑迅速降解，溶液变黄或产生沉淀，完全失去疗效。两药必须分开给药，更换输液器。
现代医学,氨茶碱注射液能和维生素C注射液配伍吗？,不能配伍！氨茶碱为碱性药物（pH 9-10），维生素C为酸性药物（pH 5.5-7），两者混合会发生酸碱反应，导致：①氨茶碱析出白色沉淀；②维生素C氧化失效；③溶液变色。临床上需分开给药，若使用同一静脉通路，中间必须用10ml生理盐水冲管。
现代医学,甘露醇脱水治疗时能在同一瓶中加入其他药物吗？,不建议！甘露醇注射液（20%）渗透压极高，与其他药物配伍易产生沉淀或结晶。特别注意：①不能与电解质溶液混合，会析出结晶；②不能加入抗生素，影响药效；③温度低于20℃时甘露醇本身会结晶。使用时应单独快速滴注（30-60分钟内），不加入其他药物。
现代医学,脂肪乳注射液中可以直接加入氯化钾等电解质吗？,严格禁止！脂肪乳为乳剂，加入高浓度电解质（特别是二价阳离子如钙、镁）会导致破乳，出现油水分离、絮状物或颗粒。正确做法：①脂肪乳不能直接加任何药物；②若配制全营养液（TPN），需按照"氨基酸→葡萄糖→电解质→脂肪乳"的顺序混合；③使用专用输液器。
现代医学,肝素钠注射液能和青霉素钠在同一输液管中使用吗？,不能！肝素为强酸性，青霉素钠为钠盐，两者配伍会发生盐析反应，产生白色浑浊或沉淀，导致青霉素失效。此外，肝素还会与多种药物产生配伍禁忌，包括：庆大霉素、红霉素、四环素等。使用时应单独给药，输液管需用生理盐水充分冲洗。
现代医学,地塞米松磷酸钠能和青霉素混合滴注吗？,不推荐混合！虽然不是绝对禁忌，但不建议配伍，因为：①地塞米松在碱性环境下稳定，青霉素在弱碱性环境下稳定，但两者混合后pH会改变；②长时间混合可能导致药效降低；③地塞米松可能增加青霉素的过敏反应风险。临床上建议分开给药，或确需联用时现配现用，30分钟内滴完。
现代医学,庆大霉素和呋塞米能同时使用吗？,可同时使用但不能配伍！两者均有耳毒性和肾毒性，同时使用会协同增强毒性反应。注意事项：①不能在同一输液瓶中混合；②需分开给药，间隔1-2小时；③密切监测患者听力和肾功能；④老年人、肾功能不全者慎用此组合；⑤必要时监测血药浓度。
现代医学,红霉素和氯化钠注射液能配伍使用吗？,不建议配伍！红霉素在氯化钠注射液中稳定性差，容易降解失效。推荐使用5%或10%葡萄糖注射液作为溶媒。配制时注意：①红霉素应溶于葡萄糖注射液中；②浓度不宜过高，建议稀释至500ml以上；③避光输注；④现配现用，不超过4小时；⑤滴速不宜过快，防止静脉炎。
现代医学,去甲肾上腺素能和碳酸氢钠溶液混合吗？,严格禁止！去甲肾上腺素在碱性环境下会迅速氧化失效，变成红棕色。碳酸氢钠为强碱性溶液（pH 7.5-8.5），两者混合会导致去甲肾上腺素完全失去升压作用。临床使用时：①去甲肾上腺素应单独使用5%葡萄糖注射液或生理盐水稀释；②与碱性药物必须分开给药；③使用专用通路。
现代医学,胰岛素能和氨基酸注射液混合使用吗？,不建议直接混合！虽然在配制全营养液（TPN）时可加入胰岛素，但需注意：①胰岛素会吸附在输液容器和管路上，实际输入量可能减少30-50%；②应在配制完成后最后加入胰岛素；③使用玻璃瓶或专用TPN袋可减少吸附；④需根据血糖监测调整剂量；⑤不能与脂肪乳直接接触。
现代医学,硝酸甘油注射液能用普通输液器输注吗？,不能！硝酸甘油为脂溶性药物，会被PVC材质的普通输液器大量吸附，导致实际输入量仅为配制量的50%左右。正确做法：①必须使用专用的非PVC输液器（如PE、玻璃或专用硝酸甘油输液器）；②使用玻璃瓶配制；③避光输注；④根据血压和疗效调整滴速；⑤现用现配。
现代医学,氨溴索注射液能和什么溶媒配伍？,氨溴索只能用生理盐水稀释！严禁使用：①葡萄糖注射液：氨溴索在含糖溶液中会迅速降解；②碱性溶液：pH＞6.3时会产生沉淀；③林格液等复合电解质溶液。正确使用：用0.9%氯化钠注射液稀释，浓度不低于0.6mg/ml，现配现用，避光保存，配制后2小时内用完。
现代医学,多巴胺和碳酸氢钠能在同一通路使用吗？,严格禁止！多巴胺在碱性环境下会被氧化失活，溶液颜色由无色变为粉红色或棕色。碳酸氢钠为强碱性（pH 7.5-8.5），两者接触会导致多巴胺完全失效。使用注意：①多巴胺应单独使用葡萄糖注射液或生理盐水稀释；②与碱性药物需使用不同静脉通路；③避光输注；④观察溶液颜色，变色立即停用。
现代医学,头孢哌酮钠舒巴坦钠能和氨基酸注射液配伍吗？,不建议配伍！头孢哌酮钠舒巴坦钠与氨基酸注射液混合可能出现：①pH改变导致药物稳定性下降；②氨基酸中的氨基可能与β-内酰胺环反应；③产生浑浊或沉淀。临床使用：分开给药，头孢哌酮钠舒巴坦钠应单独用生理盐水或葡萄糖注射液稀释，输注完毕后用生理盐水冲管再输注其他药物。
现代医学,维生素K1注射液应该选择什么溶媒？,维生素K1只能用葡萄糖注射液稀释！严禁使用生理盐水，因为：①维生素K1为脂溶性，在生理盐水中溶解度极低；②会析出黄色结晶或油滴；③可能导致血管栓塞。正确使用：①用5%或10%葡萄糖注射液稀释至50-100ml；②避光缓慢静滴，不少于30分钟；③避免与碱性药物（氨茶碱、碳酸氢钠）配伍。
现代医学,美罗培南和丙戊酸钠能同时使用吗？,严格禁忌！美罗培南（碳青霉烯类抗生素）会显著降低丙戊酸钠的血药浓度，可使血药浓度下降60-100%，导致癫痫发作控制不佳。机制：美罗培南抑制丙戊酸钠的肾小管重吸收，加速其排泄。临床处理：①癫痫患者避免使用美罗培南，改用其他抗生素；②若必须使用，需增加丙戊酸钠剂量并监测血药浓度；③停用美罗培南后丙戊酸钠浓度会快速回升。
现代医学,西咪替丁和茶碱类药物能配伍使用吗？,可以同时使用但不能配伍，且需调整剂量！西咪替丁是肝药酶抑制剂，会减慢茶碱的代谢，使茶碱血药浓度升高1.5-2倍，可能导致茶碱中毒（心律失常、恶心、呕吐、抽搐）。临床处理：①两药分开给药；②同时使用时茶碱剂量应减少30-50%；③监测茶碱血药浓度；④老年人更易发生相互作用，需特别注意。
现代医学,氯化钾注射液能直接静脉推注吗？,绝对禁止！氯化钾直接静脉推注或快速滴注会导致高钾血症，引起心脏骤停死亡。正确使用方法：①必须稀释后缓慢静脉滴注；②浓度不超过0.3%（40mmol/L）；③滴速不超过20mmol/小时；④外周静脉给药浓度不超过40mmol/L，中心静脉可至80mmol/L；⑤不能肌肉注射；⑤输注期间监测心电图和血钾；⑦肾功能不全者慎用。
现代医学,左氧氟沙星和多价阳离子能配伍吗？,不能！左氧氟沙星（喹诺酮类抗生素）会与多价阳离子（钙、镁、铁、铝、锌）形成螯合物，生成不溶性沉淀，导致抗生素失效。禁止配伍的药物/溶液：①葡萄糖酸钙、氯化钙；②硫酸镁；③含铁剂；④含铝的制酸剂；⑤林格液。左氧氟沙星应单独使用葡萄糖注射液或生理盐水稀释，与含金属离子的药物间隔2小时以上。
现代医学,氨曲南和维生素C能配伍使用吗？,不建议配伍！氨曲南（单环β-内酰胺类）在酸性环境下稳定性下降，维生素C为酸性（pH 5.5-7），混合后会加速氨曲南的降解。配伍后可能出现：①药效降低；②溶液颜色改变（变黄）；③分解产物增加。正确使用：氨曲南单独使用生理盐水或葡萄糖注射液稀释，与酸性药物（维生素C、氨基酸等）分开给药，中间用生理盐水冲管。
现代医学,呋塞米注射液能和酸性药物配伍吗？,不能！呋塞米为弱碱性药物（pH 8.5-9.5），在酸性环境下会析出沉淀。禁止配伍的酸性药物：①维生素C；②盐酸多巴胺；③盐酸多巴酚丁胺；④氨基酸注射液；⑤稀盐酸。呋塞米应单独使用生理盐水或葡萄糖注射液稀释，避光保存，现配现用。若需与酸性药物同时使用，应分开不同通路给药或用生理盐水充分冲管。
现代医学,丙泊酚乳状注射液能和其他药物混合吗？,严格禁止！丙泊酚为脂肪乳剂，任何药物加入都可能导致破乳，出现油水分离、絮状物或颗粒。使用注意事项：①不能在丙泊酚中加入任何药物；②必须使用专用输液器；③不能与其他药物共用输液通路；④打开后6小时内用完；⑤输注前轻轻摇匀，观察是否有分层或颗粒；⑥输注完毕后用生理盐水或葡萄糖冲管后再输其他药物。
现代医学,氨基酸注射液能和维生素C混合使用吗？,可以配伍但需注意条件！氨基酸注射液（pH 5.5-6.5）与维生素C（pH 5.5-7）可以混合，但需注意：①维生素C浓度不宜过高，避免pH过低；②需在配制全营养液（TPN）时才建议混合；③加入维生素C后应在24小时内用完；④避光保存；⑤不能同时加入碱性药物；⑥观察是否有变色或沉淀，有异常立即停用。
现代医学,头孢噻肟钠能和含钙溶液配伍吗？,可以！与头孢曲松不同，头孢噻肟钠不会与钙离子形成不溶性盐，可以与含钙溶液（葡萄糖酸钙、林格液等）配伍使用。但仍需注意：①现配现用，2小时内用完；②观察是否有沉淀或变色；③新生儿和婴儿使用时仍需谨慎；④与其他头孢菌素一样，不能与氨基糖苷类在同一容器混合；⑤避免与碱性药物配伍。
现代医学,碳酸氢钠注射液能和哪些药物配伍？,碳酸氢钠为强碱性（pH 7.5-8.5），与大多数药物配伍禁忌！禁止配伍的药物：①儿茶酚胺类（多巴胺、去甲肾、肾上腺素）会氧化失效；②维生素C、B族维生素会被破坏；③钙剂会产生碳酸钙沉淀；④多数抗生素（青霉素、头孢、氨基糖苷类）会降解；⑤胰岛素会失活。碳酸氢钠应单独使用，不与其他药物混合，使用专用通路。
现代医学,硫酸镁注射液静脉滴注有什么注意事项？,硫酸镁静脉使用需严格控制！注意事项：①必须稀释后缓慢滴注，浓度不超过20%；②滴速不超过1g/小时（解痉）或1.5-2g/小时（抗惊厥）；③过快会导致：潮热、出汗、血压下降、呼吸抑制、心跳骤停；④不能与钙剂、碳酸氢钠、碱性药物配伍；⑤输注期间监测：呼吸频率、膝反射、尿量、血镁浓度；⑥肾功能不全者慎用；⑦备好钙剂作为解毒剂。
现代医学,阿奇霉素注射液能和生理盐水配伍吗？,不能！阿奇霉素注射液只能用5%或10%葡萄糖注射液稀释，严禁使用生理盐水或其他含电解质的溶液。原因：阿奇霉素在电解质溶液中稳定性差，容易产生沉淀或变色。配制方法：①先用4.8ml注射用水溶解500mg阿奇霉素；②再用250-500ml葡萄糖注射液稀释；③浓度控制在1-2mg/ml；④滴注时间不少于60分钟；⑤避光输注；⑥现配现用。
现代医学,去乙酰毛花苷（西地兰）和钙剂能同时使用吗？,严格禁忌！洋地黄类药物（西地兰、地高辛）与钙剂同时使用会协同增强心肌收缩力，容易诱发心律失常，甚至室颤、心脏骤停。机制：钙离子与洋地黄都能增加心肌细胞内钙浓度，两者同时使用产生叠加效应。临床处理：①洋地黄治疗期间避免静脉补钙；②若必须补钙，应间隔4-6小时；③补钙时减慢滴速，密切监测心电图；④低钾血症时更易发生，先纠正低钾。
现代医学,氯丙嗪注射液能和去甲肾上腺素配伍吗？,药理学拮抗，不建议同时使用！氯丙嗪（抗精神病药）具有α受体阻断作用，会削弱去甲肾上腺素的升压效果，甚至可能导致血压进一步下降（反常性低血压）。若必须同时使用：①分开给药，使用不同通路；②增加去甲肾上腺素剂量；③密切监测血压；④可考虑改用其他升压药（如去氧肾上腺素）；⑤避免两药在同一容器混合。
现代医学,甲硝唑注射液能和什么配伍？,甲硝唑注射液配伍范围有限！可配伍：①生理盐水；②5%葡萄糖注射液。禁止配伍：①碱性药物（碳酸氢钠、氨茶碱）会使甲硝唑降解；②头孢菌素类（部分）会产生沉淀；③维生素K会产生沉淀；④氨基糖苷类抗生素。使用注意：甲硝唑注射液本身已是成品输液，无需再稀释，直接避光输注即可；若需与其他抗生素联用，应分开给药，中间用生理盐水冲管。
现代医学,胺碘酮注射液使用有什么特殊要求？,胺碘酮使用要求严格！①必须用5%葡萄糖注射液稀释，严禁用生理盐水（会产生沉淀）；②浓度不超过2mg/ml（负荷量时可至6mg/ml，但只能用中心静脉）；③必须使用非PVC输液器（玻璃瓶、PE或专用输液器），PVC会吸附胺碘酮；④负荷量需中心静脉给药；⑤避光输注；⑥不能与其他药物配伍；⑦现配现用，配制后2小时内用完；⑧监测心率、血压、心电图。
现代医学,苯妥英钠注射液能和葡萄糖注射液配伍吗？,不能！苯妥英钠注射液（pH 12）为强碱性，只能用生理盐水稀释，严禁用葡萄糖注射液。原因：①苯妥英钠在葡萄糖溶液中会迅速析出结晶；②葡萄糖降低pH后苯妥英钠溶解度急剧下降；③可能堵塞输液器或血管。正确使用：①仅用0.9%氯化钠注射液稀释；②浓度不低于5mg/ml；③使用0.22μm滤器；④滴速不超过50mg/分钟；⑤不能与其他药物混合；⑥输注完毕后用生理盐水冲管。
现代医学,两性霉素B脂质体能和电解质溶液配伍吗？,不能！两性霉素B脂质体为脂质体制剂，电解质会破坏脂质体结构，导致药物快速释放，毒性增加。配制要求：①只能用5%葡萄糖注射液稀释；②严禁使用生理盐水或任何含电解质的溶液；③不能加入其他药物；④使用1.2μm滤器；⑤避光输注；⑥滴注时间不少于2小时；⑦浓度0.2-2mg/ml；⑧使用专用输液器，不与其他药物共用管路；⑨输注前后用葡萄糖注射液冲管。
现代医学,肾上腺素注射液稳定性如何？,肾上腺素（儿茶酚胺类）稳定性差，易氧化！注意事项：①避光保存，光照下会氧化变色（粉红→棕色）；②碱性环境下迅速氧化失效，不能与碳酸氢钠、氨茶碱等碱性药物配伍；③氧化后产生肾上腺素红，失去药效；④溶液变色立即废弃；⑤用生理盐水或葡萄糖注射液稀释；⑥现用现配；⑦金属离子（铁、铜）会催化氧化，避免接触；⑧抢救时备新鲜药液。
现代医学,紫杉醇注射液使用有什么特殊要求？,紫杉醇使用要求极为特殊！①严禁使用PVC容器和输液器，必须用玻璃瓶、聚乙烯（PE）或聚丙烯（PP）容器及输液器；②PVC会吸附紫杉醇并释放增塑剂DEHP（有毒）；③使用0.22μm或更小的在线滤器；④用生理盐水或5%葡萄糖稀释；⑤浓度0.3-1.2mg/ml；⑥避光；⑦输注前必须预处理（地塞米松、苯海拉明、H2受体拮抗剂）防止过敏；⑧输注时间3小时；⑨配制后27小时内用完。
现代医学,顺铂注射液配制有什么注意事项？,顺铂配制要求严格！①只能用生理盐水或含氯化钠的溶液稀释，严禁用葡萄糖注射液或不含氯离子的溶液；②原因：氯离子维持顺铂稳定性，缺少氯离子会导致顺铂水解，毒性增加，抗肿瘤活性下降；③不能使用含铝的器具（针头、注射器），铝会置换出铂，使药物失效并产生黑色沉淀；④避光；⑤不与其他药物混合；⑥配制后使用时间有限；⑦使用前检查是否有黑色沉淀。
现代医学,硝普钠注射液如何正确使用？,硝普钠使用必须避光！①硝普钠见光迅速分解产生氰化物（剧毒），溶液由棕色→蓝色→绿色；②必须用5%葡萄糖注射液稀释（生理盐水中稳定性差）；③输液瓶、输液器必须用黑色或铝箔纸完全包裹避光；④现配现用，4小时内用完；⑤若溶液变色立即废弃；⑥连续使用监测血氰、硫氰酸盐浓度；⑦肝肾功能不全者慎用；⑧不与其他药物混合；⑨微量泵精确控制滴速。
现代医学,奥沙利铂注射液能和生理盐水配伍吗？,不能！奥沙利铂（第三代铂类）只能用5%葡萄糖注射液稀释，严禁使用生理盐水或含氯离子的溶液。原因：氯离子会导致奥沙利铂降解，疗效降低。使用要求：①用250-500ml 5%葡萄糖注射液稀释；②不能使用含铝的器具；③避光；④输注时间2-6小时；⑤不与碱性药物配伍；⑥输液器、冲管液都不能含氯离子；⑦输注完毕后用5%葡萄糖冲管，不用生理盐水。
现代医学,氟尿嘧啶注射液能和酸性药物配伍吗？,不能！氟尿嘧啶（5-FU）在酸性环境（pH＜8）下会析出结晶。禁止配伍：①维生素C（强酸性）；②氨基酸注射液；③盐酸类药物；④酸性抗生素。氟尿嘧啶应用生理盐水或葡萄糖注射液稀释，pH应控制在8-9之间。若与酸性药物同时使用，必须分开不同通路给药。配制后观察是否有结晶析出，有结晶立即停用。避光保存。
现代医学,甲氨蝶呤大剂量使用时需要注意什么？,甲氨蝶呤大剂量（＞1g/m2）使用需要特殊处理！①必须碱化尿液，使尿pH＞7.0，防止甲氨蝶呤在肾小管结晶析出导致肾损伤；②使用碳酸氢钠静脉滴注碱化尿液；③大量补液利尿（3000ml/m2/天）；④监测尿pH、肾功能、血药浓度；⑤48小时后开始亚叶酸钙解救；⑥不与酸性药物配伍；⑦避光输注；⑧用生理盐水或葡萄糖注射液稀释；⑨输液器避免使用含PVC的。
现代医学,环磷酰胺注射液配制有什么要求？,环磷酰胺配制相对简单但需注意！①用注射用水或生理盐水溶解；②溶解后的溶液可用生理盐水或5%葡萄糖稀释；③现配现用，室温下6小时内用完（溶液稳定性下降）；④避免与含硫溶液配伍；⑤不建议与其他化疗药物混合；⑥属于细胞毒性药物，配制时需要个人防护；⑦输注完毕后充分冲管；⑧大剂量使用时需要大量补液防止出血性膀胱炎。
现代医学,阿糖胞苷注射液能和肝素配伍吗？,不能！阿糖胞苷与肝素混合会产生沉淀。此外：①阿糖胞苷可用生理盐水或葡萄糖注射液稀释；②pH应在7.0-9.0之间；③避免与酸性药物配伍；④不与其他化疗药物混合；⑤对橡胶和部分塑料有吸附，使用玻璃或聚丙烯容器较好；⑥配制后室温下48小时稳定（但建议现配现用）；⑦可用于鞘内注射（必须用无防腐剂的制剂）；⑧属于细胞毒性药物，操作时防护。
