"id","text","dense_vector","parent_id","timestamp","$meta","sparse_vector","parent_content","source"
"00254836741e6806dc5f10add06629dc","甲唑在Y型输液通路中混合的稳定性。5ml酒石酸长春瑞滨（1mg/ml）
与等体积的甲氧苄啶/磺胺甲唑在0.9%氯化钠注射液中于22℃混合4
小时，在廷德尔光下观察混合物外观变化，测定混合物浊度。结果发现，
酒石酸长春瑞滨与甲氧苄啶/磺胺甲唑混合后外观出现明显变化，提示
两药在实验条件下混合存在配伍禁忌。
【临床建议】配伍禁忌
长春瑞滨+两性霉素B（vinorelbine+amphotericin B）
【临床证据】Trissel等考察了酒石酸长春瑞滨与两性霉素B在Y
型输液通路中混合的稳定性。5ml酒石酸长春瑞滨（1mg/ml）与等体积的","[0.003470515599474311,0.01939575932919979,-0.0733833834528923,-0.011844177730381489,-0.011234618723392487,-0.022791795432567596,0.019477711990475655,0.02761543169617653,0.011289620772004128,0.010716640390455723,-0.03154837340116501,0.019544487819075584,-0.0003820745041593909,-0.0024955382104963064,-0.009112806059420109,-0.0022833673283457756,-0.01773112453520298,-0.04520396888256073,0.00955679640173912,-0.03950780630111694,-0.014353442005813122,0.018445320427417755,-0.03866847977042198,0.01430763304233551,-0.014704213477671146,0.03036767989397049,-0.030470144003629684,0.020772337913513184,0.07642907649278641,0.07491891086101532,-0.009217741899192333,-0.04373938962817192,0.007780561689287424,-0.05880707874894142,0.02903388999402523,-0.04454447329044342,0.011940748430788517,-0.021224498748779297,-0.020948877558112144,0.04402168095111847,0.020827962085604668,-0.027948834002017975,0.018984630703926086,-0.0136876804754138,0.006558471359312534,-0.06149935722351074,0.020466972142457962,-0.018440091982483864,-0.00886643398553133,-0.009570663794875145,0.003009931882843375,-0.014146450906991959,0.021318424493074417,-0.050332702696323395,0.026256181299686432,-0.002614685334265232,-0.04632050544023514,0.03155655413866043,-0.03061084635555744,-0.04149787500500679,-0.020717428997159004,-0.0010440577752888203,-0.03365660086274147,-0.03980895131826401,-0.012128527276217937,0.035928986966609955,0.04648670181632042,0.014961827546358109,-0.035794030874967575,-0.044309064745903015,0.0031597763299942017,0.02107865735888481,0.010153389535844326,-0.007801055908203125,-0.04507707431912422,0.007235911674797535,-0.018892604857683182,-0.018811112269759178,-0.0077893370762467384,0.06696570664644241,0.04379832744598389,0.012440265156328678,0.0028550762217491865,0.02710571698844433,-0.0500841923058033,0.0021662195213139057,0.029957454651594162,-0.016375496983528137,-0.0047704181633889675,0.002895799931138754,0.02189442329108715,0.018441755324602127,-0.0028365172911435366,-0.014178127981722355,0.029700307175517082,-0.004616827238351107,0.004458747338503599,0.012021861039102077,0.008109403774142265,-0.004171932581812143,-0.006210257299244404,-0.023794719949364662,0.0078076450154185295,-0.03226421773433685,0.028009571135044098,-0.007223793771117926,0.012511396780610085,-0.008217769674956799,0.02124572917819023,-0.013427847065031528,0.010581528767943382,0.008700240403413773,-0.0075018443167209625,-0.013749483972787857,-0.02623056061565876,-0.015204321593046188,-0.048982780426740646,-0.028688611462712288,0.03540230914950371,0.008424782194197178,0.09384665638208389,0.03421914577484131,0.024163490161299706,-0.014706098474562168,0.008971837349236012,0.017494142055511475,0.020065706223249435,0.023005492985248566,-0.02422541379928589,0.004973630886524916,0.0343148298561573,-0.01921512745320797,-0.024972621351480484,-0.016264533624053,0.00011776288010878488,0.028748195618391037,-0.007264803629368544,0.01887802593410015,0.05167939141392708,-0.07818106561899185,0.028249641880393028,0.07568219304084778,0.03661810979247093,-0.035104840993881226,0.08541359752416611,-0.09049882739782333,0.011578305624425411,0.026642480865120888,0.03321315720677376,-0.020877406001091003,0.011850948445498943,0.052788421511650085,0.02900385856628418,0.038996607065200806,-0.04686638340353966,0.011434203945100307,0.03496707230806351,0.004837498534470797,-0.003418032079935074,0.04186709597706795,-0.010424159467220306,-0.04197191447019577,-0.009146581403911114,0.022918829694390297,-0.025095459073781967,-0.05111616477370262,0.026184314861893654,0.059620555490255356,-0.02213924378156662,0.007764904294162989,-0.006269398611038923,-0.021008556708693504,-0.014310766011476517,0.013003001920878887,-0.017316287383437157,0.003862278535962105,0.08143246918916702,0.002887271810323,0.010302519425749779,-0.03623819351196289,-0.04749627038836479,-0.014046131633222103,0.02992132306098938,0.006743152160197496,0.024857649579644203,0.03790637478232384,0.0001300233998335898,-0.007196301594376564,0.0009852455696091056,-0.0028008222579956055,0.0033821987453848124,-0.012600495480000973,0.027635622769594193,0.030910413712263107,0.015025283209979534,0.012311268597841263,0.017865799367427826,-0.032324377447366714,0.029958447441458702,-0.008570386096835136,-0.02227800153195858,-0.02319866232573986,0.07318125665187836,-0.026122726500034332,-0.004893184639513493,0.025784911587834358,-0.049876537173986435,-0.02078765630722046,0.06307092308998108,-0.06952236592769623,-0.0023967281449586153,0.009821463376283646,-0.03822975233197212,0.024331288412213326,-0.03385503962635994,0.017201844602823257,-0.028232049196958542,-0.007775182370096445,-0.0007400251342914999,-0.01208835281431675,-0.013263569213449955,0.05480564385652542,-0.021273944526910782,0.020460095256567,0.0008292689453810453,-0.03182319179177284,-0.000548630952835083,0.045054495334625244,0.05984542518854141,0.017967619001865387,-0.020237360149621964,0.06655411422252655,-0.0308175440877676,-0.006674552336335182,0.05692368000745773,0.024347249418497086,-0.03402438387274742,0.040713414549827576,0.021539244800806046,-0.000590291281696409,0.0075108883902430534,0.03164779022336006,0.0714898630976677,-0.007419935893267393,-0.005445508752018213,0.0014651685487478971,-0.00020123783906456083,0.017659880220890045,-0.01992598921060562,0.012761306948959827,-0.014861857518553734,0.01857541874051094,-0.0299632977694273,0.04074915871024132,0.024815794080495834,0.02122272364795208,0.019919095560908318,-0.013186522759497166,-0.05499226599931717,-0.0016982300439849496,0.019284814596176147,0.02877633273601532,0.03915794938802719,0.0007530738366767764,0.04056314006447792,-0.016278967261314392,0.00979206059128046,-0.043256551027297974,0.027369998395442963,-0.042363520711660385,-0.018469152972102165,0.0010216146474704146,-0.008775629103183746,0.0325210839509964,-0.001609610510058701,-0.029537582769989967,-0.023430349305272102,-0.008986236527562141,0.08552303910255432,-0.004420134238898754,-0.02105545438826084,0.014219803735613823,0.034094586968421936,0.030078034847974777,0.011014388874173164,-0.01883520558476448,-0.06952749192714691,-0.049632348120212555,0.01845180056989193,0.029701221734285355,0.01197543740272522,-0.005396152846515179,0.0665830597281456,-0.01798798143863678,-0.04384426772594452,-0.03328905627131462,-0.001294308458454907,-0.1618727147579193,-0.00956409890204668,0.03098737820982933,-0.009575165808200836,-0.0015557121951133013,0.03202729672193527,-0.050449393689632416,-0.008252301253378391,0.0022858751472085714,-0.07972512394189835,-0.007322747725993395,-0.05147535353899002,0.04643180966377258,0.04583113640546799,0.032423049211502075,0.013969183899462223,-0.047400593757629395,0.0004952362505719066,-0.004990844987332821,-0.03776093199849129,-0.04359443858265877,-0.015312418341636658,0.07829812169075012,-0.03519415110349655,-0.020672578364610672,-0.0063514201901853085,0.06766389310359955,0.026064814999699593,0.04591375216841698,-0.0367748886346817,-0.0315154604613781,0.03576488792896271,-0.016230208799242973,-0.011223712004721165,0.03208823874592781,0.030689584091305733,-0.007072647102177143,-0.01829596422612667,-0.008983034640550613,0.00936801265925169,0.058065015822649,0.06808983534574509,0.02156085893511772,-0.023327313363552094,0.001866389182396233,-0.015212951228022575,0.008401895873248577,-0.006717996206134558,0.03441384434700012,0.03323737159371376,0.041665032505989075,-0.01821674033999443,-0.009171899408102036,-0.023471923545002937,-0.04082212224602699,0.013400874100625515,0.01539069414138794,0.025982355698943138,0.01184015441685915,-0.021864641457796097,-0.02839505672454834,-0.03659258410334587,-0.003998907748609781,-0.02171526663005352,-0.04185415804386139,-0.028215652331709862,0.014940831810235977,-0.008101947605609894,0.02607215940952301,-0.06809066981077194,-0.015249364078044891,0.009173039346933365,-0.036293741315603256,-0.002169728046283126,-0.03626289591193199,0.01306261494755745,0.019647957757115364,-0.009360545314848423,-0.031528133898973465,-0.12693120539188385,0.014401319436728954,-0.010311472229659557,0.022099683061242104,-0.007314515300095081,0.004148672800511122,-0.048500437289476395,-0.0189357977360487,0.024137645959854126,0.008177869021892548,0.22989113628864288,-0.00581160094588995,-0.019401008263230324,-0.03218561038374901,-0.006116778124123812,-0.0013281339779496193,0.0255792997777462,0.00795074738562107,-0.04010646417737007,-0.0121151739731431,-0.04378962516784668,0.020810995250940323,-0.014656824991106987,-0.05136384069919586,0.05013836920261383,0.05924108624458313,-0.010719537734985352,0.01452559418976307,0.073513925075531,-0.059298936277627945,0.01113907154649496,0.0340602807700634,-0.041118867695331573,0.00771226966753602,-0.033629972487688065,-0.020092986524105072,0.023684106767177582,0.035055894404649734,0.017091678455471992,0.02539009228348732,-0.006437933072447777,-0.005229664966464043,0.06764334440231323,-0.03798440843820572,0.05672232806682587,0.008281166665256023,0.05197826027870178,-0.034640293568372726,0.017536699771881104,0.007900076918303967,-0.0010606648866087198,-0.03952513635158539,0.003724131966009736,0.04671333357691765,0.008390526287257671,0.0025222168769687414,-0.056662414222955704,0.0178623478859663,0.043227668851614,-0.012607790529727936,-0.004631274379789829,0.049442727118730545,0.006580253131687641,-0.03744645044207573,0.014038115739822388,-0.042424969375133514,-0.044892169535160065,-0.0031642087269574404,-0.005624870304018259,-0.0009128119563683867,-0.023631129413843155,0.017145821824669838,0.0037162574008107185,-0.002990801353007555,-0.02715343050658703,-0.006237740162760019,-0.013223816640675068,0.019944384694099426,0.010255339555442333,0.046122174710035324,0.058952368795871735,0.03740870580077171,0.011256938800215721,0.02252659946680069,0.03884788975119591,0.018768105655908585,0.01262120995670557,0.07839270681142807,-0.05855720490217209,-0.005036734510213137,-0.05706294998526573,0.008559253066778183,-0.008857832290232182,-0.0216344203799963,0.009143553674221039,0.013230733573436737,0.037458326667547226,-0.01557023823261261,-0.013740605674684048,-0.01582883857190609,-0.018911918625235558,0.020451027899980545,-0.03597268462181091,-0.007476251106709242,-0.028237108141183853,0.03661356493830681,-0.047326065599918365,-0.035673290491104126,-0.02129662036895752,0.015915805473923683,-0.03211161866784096,-0.01839006319642067,-0.01606665924191475,-0.037901196628808975,0.06669449061155319,-0.01526373066008091,-0.004421801771968603,-0.016625015065073967,-0.002415668684989214,0.03735101595520973,-0.09458457678556442,0.01738078147172928,-0.013717561960220337,-0.017707478255033493,-0.015631577000021935,0.02449391782283783,-0.02329286001622677,-0.016538795083761215,0.004594904370605946,0.0287342332303524,-0.007150930818170309,0.07334490865468979,-0.022903401404619217,-0.010253079235553741,0.006184292025864124,-0.0032615596428513527,-0.0058617303147912025,0.00685659795999527,0.004849626217037439,0.035795655101537704,0.0061460742726922035,-0.042200129479169846,-0.10687775164842606,0.03926749899983406,-0.020902959629893303,0.022819606587290764,0.04530935361981392,-0.0016334486426785588,0.00017843912064563483,0.028285309672355652,-0.04234756901860237,-0.006250334437936544,-0.02453145757317543,0.006895078811794519,0.020320314913988113,-0.009965199045836926,0.009600791148841381,0.028761480003595352,0.003838303731754422,0.0355694554746151,0.0022082780487835407,-0.008716358803212643,0.0007887580431997776,-0.05839109420776367,-0.0010501720244064927,-0.003913352265954018,-0.056787773966789246,-0.009748213924467564,-0.022862352430820465,-0.023990195244550705,0.023072779178619385,0.04515281319618225,0.053800709545612335,-0.012349950149655342,0.012408217415213585,0.0019120033830404282,0.014052078127861023,0.02277582325041294,0.04809688776731491,-0.007260530721396208,0.015003285370767117,-0.014302922412753105,-0.036471329629421234,0.012320857495069504,-0.013512021861970425,-0.0011186795309185982,-0.020175782963633537,0.032341908663511276,0.010577633045613766,0.04777754098176956,0.025812257081270218,-0.03017500974237919,0.005442823749035597,-0.01128864474594593,0.028809113427996635,0.019159669056534767,-0.015424151904881,-0.03521856665611267,0.04344803839921951,-0.026093099266290665,-0.028354963287711143,0.06257206201553345,-0.05050653591752052,0.016101893037557602,-0.00892232358455658,0.019457988440990448,-0.01578635163605213,0.05432669818401337,-0.035973794758319855,-0.005779750179499388,0.007797406055033207,0.04414333775639534,0.019646622240543365,-0.0033639930188655853,0.012464510276913643,-0.004152550827711821,-0.007504648994654417,0.010741142556071281,-0.013468746095895767,0.0011939299292862415,-0.016383115202188492,-0.0151449516415596,-0.07312438637018204,-0.0093865180388093,0.018416613340377808,-0.011707460507750511,-0.003201624844223261,0.00755821168422699,-0.046124182641506195,-0.02049356698989868,0.036330047994852066,0.015499116852879524,0.023154690861701965,-0.03542151674628258,-0.002363148145377636,0.020370863378047943,-0.013779467903077602,-0.012976480647921562,0.006421870086342096,0.03115672431886196,0.0034906906075775623,-0.010069710202515125,0.013792689889669418,-0.018474189564585686,0.024547835811972618,-0.013100549578666687,0.019487570971250534,0.006414589937776327,0.007912238128483295,-0.002147129038348794,-0.0002073083887808025,0.006227123085409403,-0.03574391454458237,-0.005505040287971497,-0.011650647968053818,-0.007463470101356506,-0.056587450206279755,0.002634011209011078,0.004249334800988436,-0.002405077451840043,0.037654612213373184,0.01750021055340767,-0.012131255120038986,0.005602060817182064,-0.004618767183274031,0.035216812044382095,-0.012352855876088142,-0.011057566851377487,-0.02186550945043564,0.021215271204710007,-0.04218894615769386,0.013510768301784992,0.01660490222275257,-0.024255719035863876,-0.049793023616075516,-0.02366933412849903,-0.004759578034281731,-0.019071785733103752,-0.021449923515319824,-0.0024491199292242527,-0.009481449611485004,-0.0016291487263515592,0.01739475131034851,-0.03607073798775673,0.004067784640938044,0.018823549151420593,0.01573394611477852,0.03373975306749344,-0.0035700404550880194,0.004205728881061077,-0.02835165522992611,-0.05689729377627373,-0.0014655831037089229,0.008810357190668583,-0.021551867946982384,0.00696917250752449,-0.00031351466896012425,-0.02287571132183075,-0.04164592921733856,-0.006640294101089239,0.01569279283285141,-0.004130708985030651,-0.04480013623833656,-0.0007117768400348723,-0.02087479643523693,0.00877173338085413,0.029713384807109833,0.03203075751662254,-0.002527659060433507,0.014100500382483006,0.016132524237036705,0.02270982600748539,-0.01878281868994236,-0.029617559164762497,-0.017950069159269333,-0.062356673181056976,-0.03315095975995064,0.04837634041905403,0.011959517374634743,-0.026231320574879646,0.003380447393283248,-0.09001825004816055,-0.0159077737480402,-0.00031977114849723876,-0.022312022745609283,-0.03583347052335739,0.0062236604280769825,-0.038193315267562866,0.007556200493127108,-0.010728171095252037,-0.056644245982170105,0.0014896891079843044,-0.016846932470798492,0.02891307882964611,-0.0321987047791481,-0.013767615891993046,0.01979944109916687,-0.0040480042807757854,-0.021871862933039665,-0.011164959520101547,-0.05095302313566208,0.018108980730175972,-0.030139213427901268,-0.009213020093739033,0.03606807813048363,0.04798489809036255,-0.005817631259560585,-0.016227927058935165,0.04778420552611351,-0.04419374465942383,-0.029207082465291023,-0.04341176524758339,0.006363061256706715,0.00007727229240117595,-0.020879987627267838,-0.04696891829371452,-0.016695981845259666,0.017310088500380516,-0.03803626075387001,0.024495696648955345,-0.0067929234355688095,-0.028145497664809227,-0.033509086817502975,0.013520271517336369,-0.019862530753016472,0.00011508873285492882,-0.04614992067217827,0.04511169716715813,0.027240483090281487,0.01058692391961813,0.012081793509423733,-0.03253794088959694,-0.023343008011579514,-0.04627850651741028,0.011386449448764324,0.005887032486498356,-0.0033159255981445312,0.00306704081594944,0.06302090734243393,-0.005501655396074057,0.007687192875891924,0.05375602841377258,-0.03735945373773575,0.04435281828045845,-0.0021690346766263247,0.013299969024956226,0.01222079899162054,0.006407562643289566,-0.00881989672780037,0.030506929382681847,-0.027929894626140594,-0.06235915794968605,-0.029129836708307266,0.00028481072513386607,0.0453609861433506,0.011772260069847107,-0.03779761493206024,0.033861011266708374,0.04465935006737709,-0.009743709117174149,-0.012782161124050617,0.007191083859652281,-0.03827014937996864,0.006865217350423336,-0.13085529208183289,-0.00016666681040078402,-0.05049869045615196,-0.0044049764983356,-0.008793411776423454,-0.008267169818282127,-0.03394200652837753,-0.027381746098399162,-0.03868627920746803,-0.004860272631049156,-0.007200290914624929,-0.01740601286292076,0.04368001967668533,-0.007876666262745857,-0.008515522815287113,0.01037596445530653,-0.018268710002303123,-0.005006321705877781,-0.016643136739730835,0.039294011890888214,0.00969603005796671,0.001886189915239811,0.01657211221754551,-0.004013315308839083,-0.0068092551082372665,-0.02468446083366871,0.0009626995888538659,-0.06239050254225731,-0.015691610053181648,-0.008207262493669987,0.00893977377563715,-0.011968252249062061,0.02214406244456768,0.019999641925096512,-0.008923670276999474,0.04124797508120537,0.016772542148828506,-0.028383532539010048,0.024875344708561897,-0.02952190861105919,0.04357215389609337,0.016379933804273605,-0.008746451698243618,0.002350290771573782,0.015274274162948132,0.0026608577463775873,-0.020310403779149055,-0.005124794784933329,-0.018936771899461746,0.03691026568412781,-0.02030324749648571,0.021091729402542114,-0.046308428049087524,-0.047992903739213943,-0.009108695201575756,-0.015111449174582958,-0.0206909142434597,-0.01817917637526989,0.018722238019108772,0.02508523315191269,0.005167490802705288,-0.014726434834301472,-0.07480531930923462,-0.010912592522799969,-0.005719848442822695,0.016491787508130074,-0.026971910148859024,0.036200206726789474,0.037591107189655304,-0.061742596328258514,-0.02220063842833042,-0.03115095943212509,0.011599497869610786,-0.012462600134313107,0.013597527518868446,-0.029379570856690407,-0.007976102642714977,0.015809664502739906,0.009434234350919724,-0.043295279145240784,-0.019139057025313377,0.03199922665953636,0.007178423926234245,-0.06613699346780777,-0.0029223032761365175,0.010792484506964684,-0.012526774778962135,-0.016142459586262703,-0.022083979099988937,0.02449105679988861,-0.06363515555858612,-0.02082805149257183,-0.022538814693689346,-0.019608208909630775,-0.03454707935452461,-0.008662879467010498,-0.020625533536076546,0.020972218364477158,0.00006892941746627912,0.02559349685907364,-0.0422113798558712,-0.020500898361206055,0.0036521977744996548,-0.029183069244027138,-0.016930492594838142,0.02820231206715107,0.030406540259718895,0.004567423835396767,-0.020047903060913086,-0.010602028109133244,-0.018880585208535194,-0.012747892178595066,-0.03784530237317085,0.03190900757908821,-0.04374758526682854,0.01634884998202324,-0.015012654475867748,-0.014337037689983845,-0.02727506123483181,-0.01248911488801241,-0.0008828343125060201,-0.004425013437867165,0.036644190549850464,-0.017642751336097717,-0.021093906834721565,-0.07896360754966736,0.07238385826349258,-0.010050616227090359,0.004543164744973183,0.02063988707959652,-0.006347173824906349,0.024895992130041122,-0.01099038403481245,0.028836002573370934,0.01503919530659914,0.001132785459049046,-0.08354390412569046,0.029155530035495758,-0.02473125047981739,-0.01206597313284874,0.007673935499042273,-0.00040543050272390246,0.012639705091714859,-0.030120475217700005,0.01744106225669384,0.002467684680595994,0.03685951605439186,0.04821545258164406,-0.007592335343360901,-0.032199300825595856,-0.010120312683284283,-0.016777224838733673,-0.03974299505352974,0.013523999601602554,-0.014016816392540932,-0.028432020917534828,0.016859130933880806,-0.01155899465084076,0.014723463915288448,0.0232248455286026,0.0008669252856634557,-0.05635501444339752,-0.010007363744080067,0.005512773524969816,-0.031092392280697823,0.0892258733510971,0.010662063024938107,-0.016151268035173416,0.01820780336856842,0.01735648140311241,-0.006449500098824501,0.03382143750786781,0.009349441155791283,0.040231458842754364,0.0272794421762228,0.011652139946818352,0.0050612338818609715,-0.028367964550852776,0.014369496144354343,0.033842671662569046,0.02425176277756691,0.02905379980802536,-0.019829103723168373,-0.008347583934664726,0.004589194431900978,0.08860030025243759,0.013778545893728733,0.012148094363510609,-0.017601873725652695,0.04327157884836197,0.007929042913019657,0.0034730155020952225,0.0026018552016466856,-0.04039789363741875,0.029647747054696083,0.0444173626601696,0.00023126845189835876,-0.0107234762981534,0.030263064429163933,0.020184418186545372,0.006309582386165857,-0.0032540590036660433,0.012637843377888203,0.03171747922897339,0.004717021249234676,0.02255582995712757,0.013140806928277016,-0.028775731101632118,-0.015884773805737495,0.005446422845125198,0.0011663231998682022,0.029197925701737404,-0.036403410136699677,-0.019173303619027138,0.027933960780501366,-0.013280242681503296,0.019244924187660217,-0.008780513890087605,0.03440268337726593,0.009340319782495499,0.04104945436120033,0.014568167738616467,-0.002071147784590721,0.06358962506055832,0.01690710335969925,0.009322776459157467,-0.00869256816804409,0.0032002467196434736,-0.033108655363321304,-0.014508754014968872,-0.06436733156442642,0.019724737852811813,-0.05754641816020012,0.019936786964535713,0.02786717563867569,0.03950807824730873,-0.015158393420279026,0.012508746236562729,-0.007101616822183132,-0.02325131744146347,0.01311539113521576,0.0008499060058966279,0.04386148601770401,0.05034961178898811]","doc_1_parent_201","2026-02-08T13:57:30.652298","{}","{""16"":0.009810041636228561,""213"":0.015675589442253113,""304"":0.03462255746126175,""335"":0.1043398305773735,""571"":0.1365843564271927,""617"":0.0434713289141655,""758"":0.08058434724807739,""844"":0.0483442023396492,""1189"":0.050904855132102966,""1278"":0.07716980576515198,""1328"":0.06933079659938812,""1428"":0.13144999742507935,""1723"":0.15351934731006622,""2825"":0.1030721366405487,""3324"":0.01984160766005516,""3508"":0.08330222964286804,""3846"":0.08364513516426086,""4622"":0.17511418461799622,""4742"":0.03876124322414398,""5100"":0.07011513411998749,""6333"":0.07886487245559692,""6442"":0.12927332520484924,""6451"":0.16174404323101044,""7237"":0.10975944250822067,""7962"":0.06463661044836044,""9946"":0.18416383862495422,""10035"":0.03841239959001541,""10346"":0.11499728262424469,""10919"":0.1882604956626892,""12590"":0.1515357494354248,""14465"":0.08208739757537842,""14931"":0.17090308666229248,""17730"":0.17482590675354004,""20639"":0.1690392792224884,""22014"":0.08660144358873367,""22352"":0.11837700754404068,""24484"":0.12699563801288605,""25289"":0.14952445030212402,""27825"":0.11996493488550186,""28673"":0.14408138394355774,""28999"":0.12414708733558655,""39386"":0.00939224287867546,""41600"":0.009729329496622086,""46187"":0.1418687105178833,""53399"":0.07520507276058197,""55960"":0.0055631473660469055,""60030"":0.11047744750976562,""72750"":0.014743909239768982,""74257"":0.03587852418422699,""76225"":0.10487456619739532,""78057"":0.004109073430299759,""78631"":0.12220045179128647,""89337"":0.1463153064250946,""91552"":0.09439481794834137,""97079"":0.21433068811893463,""99285"":0.17429326474666595,""99857"":0.06672713160514832,""112938"":0.2118924856185913,""119810"":0.0820360779762268,""133691"":0.09206579625606537,""143161"":0.09156398475170135,""166050"":0.18286624550819397,""168905"":0.24106955528259277,""185661"":0.19379763305187225,""188364"":0.1328897476196289,""192179"":0.15518635511398315,""192656"":0.1766904890537262,""209878"":0.22068604826927185,""224498"":0.08342862874269485,""244662"":0.1326988786458969,""245166"":0.11822645366191864,""245497"":0.18466199934482574,""246519"":0.27848875522613525,""248548"":0.14383018016815186,""248713"":0.1432589441537857}","型输液通路中混合的稳定性。5ml酒石酸长春瑞滨（1mg/ml）与等体积的
更昔洛韦钠在0.9%氯化钠注射液中于22℃混合4小时，在廷德尔光下观
察混合物外观变化，测定混合物浊度。结果发现，酒石酸长春瑞滨与更昔
洛韦钠混合后外观出现明显变化，提示两药在实验条件下混合存在配伍
禁忌。
122
新编药物配伍禁忌速查手册
基于2000组药物配伍研究结果
【临床建议】配伍禁忌
长春瑞滨+甲泼尼龙（vinorelbine+methylprednisolone）
【临床证据】Trissel等【考察了酒石酸长春瑞滨与甲泼尼龙琥珀酸
钠在Y型输液通路中混合的稳定性。5ml酒石酸长春瑞滨（1mg/ml）与
福
等体积的甲泼尼龙琥珀酸钠在0.9%氯化钠注射液中于22℃混合4小时，
在廷德尔光下观察混合物外观变化，测定混合物浊度。结果发现，酒石酸
长春瑞滨与甲泼尼龙琥珀酸钠混合后外观出现明显变化，提示两药在实验
条件下混合存在配伍禁忌
【临床建议】配伍禁忌
长春瑞滨+甲氧苦啶磺胺甲唑
(vinorelbine+trimethoprim sulfameth oxazole)
【临床证据】Trissel等1考察了酒石酸长春瑞滨与甲氧苄啶/磺胺
甲唑在Y型输液通路中混合的稳定性。5ml酒石酸长春瑞滨（1mg/ml）
与等体积的甲氧苄啶/磺胺甲唑在0.9%氯化钠注射液中于22℃混合4
小时，在廷德尔光下观察混合物外观变化，测定混合物浊度。结果发现，
酒石酸长春瑞滨与甲氧苄啶/磺胺甲唑混合后外观出现明显变化，提示
两药在实验条件下混合存在配伍禁忌。
【临床建议】配伍禁忌
长春瑞滨+两性霉素B（vinorelbine+amphotericin B）
【临床证据】Trissel等考察了酒石酸长春瑞滨与两性霉素B在Y
型输液通路中混合的稳定性。5ml酒石酸长春瑞滨（1mg/ml）与等体积的
两性霉素B在0.9%氯化钠注射液中于22C混合4小时，在廷德尔光下观
察混合物外观变化，测定混合物浊度。结果发现，酒石酸长春瑞滨与两性
霉素B混合后外观出现明显变化，提示两药在实验条件下混合存在配伍
禁忌。
【临床建议】配伍禁忌
长春瑞滨+哌拉西林（vinorelbine+piperacillin）
【临床证据】Trissel等[1]考察了酒石酸长春瑞滨与哌拉西林钠在Y
型输液通路中混合的稳定性。5ml酒石酸长春瑞滨（1mg/ml）与等体积的
哌拉西林钠在0.9%氯化钠注射液中于22℃混合4小时，在廷德尔光下观
察混合物外观变化，测定混合物浊度。结果发现，酒石酸长春瑞滨与哌拉
西林钠混合后外观出现明显变化，提示两药在实验条件下混合存在配伍
禁忌。
【临床建议】配伍禁忌
下编药物配伍个论
123
长春瑞滨+塞替派（vinorelbine+thiotepa）","ai"
"0023fd810db9cc0722b4c8b2a1b2dced","为“左氧氟沙星”，读者可以在“配伍药对”的个论正文内容中查看是哪
种具体药品。同理，肝素钙和肝素钠也按相同的原则以“肝素”显示。
（2）因为混合溶液配伍相容性的研究主要涉及注射液、雾化吸入溶
液、滴眼液、滴鼻液、乳剂等液体分散系，不包含固体制剂。为精简文
果糖溶液中”类似描述。
（3）某些中药注射剂品种因为没有规范或通用的英文名称，暂且用
汉语拼音替代其英文名称，如“喜炎平”表示为“xiyanping”，“热毒宁”
用“reduning”替代其英文名称。
本书力求内容全面，但是也考虑到我国目前的临床用药品种和习惯，
对我国临床不应用的品种予以舍弃，但是增加了全部新药的配伍相容性资","[-0.008691314607858658,0.002481733914464712,-0.040708284825086594,-0.008888324722647667,-0.020590435713529587,-0.05951473489403725,0.03783635050058365,-0.0054735783487558365,0.016274958848953247,0.016458380967378616,-0.03993167728185654,-0.016879307106137276,-0.03718581050634384,0.009333414025604725,0.009631375782191753,0.03210340440273285,-0.052657339721918106,-0.07330197095870972,0.0012010589707642794,0.005720224697142839,-0.016011979430913925,0.018807722255587578,-0.01287439651787281,-0.00892854668200016,-0.004357463680207729,-0.0020384015515446663,-0.02461637742817402,-0.007941351272165775,-0.005659823771566153,0.026115942746400833,-0.015003216452896595,-0.04504043981432915,0.006435296032577753,-0.025283604860305786,0.019040359184145927,-0.04084824398159981,-0.005291077774018049,-0.027959993109107018,-0.016331452876329422,0.04430877044796944,0.030386541038751602,-0.026400450617074966,0.027308901771903038,-0.004390479996800423,0.001602299278602004,-0.058461252599954605,0.0010342737659811974,-0.040589895099401474,0.006041242741048336,-0.022180719301104546,-0.0004288637137506157,0.004451473243534565,0.0399944894015789,-0.0571325458586216,-0.01624296046793461,-0.022704007104039192,-0.04203908517956734,-0.005041357129812241,-0.007039075251668692,-0.017555294558405876,0.009666137397289276,0.011748085729777813,-0.03737323731184006,-0.014314481988549232,-0.0220135860145092,0.02707420103251934,-0.017044082283973694,0.01845557615160942,-0.02814045548439026,-0.06316953152418137,0.0318559966981411,0.06757716089487076,0.060357291251420975,0.0035844268277287483,-0.01801370270550251,-0.0036875123623758554,0.030407384037971497,-0.027553340420126915,-0.058137863874435425,0.04435321316123009,0.006669714581221342,0.00996385607868433,-0.005163055378943682,-0.004740146920084953,-0.028430214151740074,0.021398024633526802,0.00911617185920477,0.010519704781472683,0.028695112094283104,0.007613204885274172,-0.00930801685899496,0.017567358911037445,0.038380999118089676,-0.01843263953924179,-0.0009884920436888933,0.02682645618915558,-0.011312100104987621,0.00529102049767971,0.01764826290309429,-0.02631770260632038,-0.000679146614857018,0.015934495255351067,0.035824429243803024,-0.02522353082895279,0.04785997048020363,-0.009830176830291748,0.012876429595053196,0.02434571459889412,0.03081490471959114,-0.008573741652071476,0.007677396759390831,0.06069609522819519,0.063325896859169,-0.007122543640434742,-0.006569955963641405,-0.010769515298306942,-0.0008431911701336503,-0.008487311191856861,0.06893491744995117,0.006173371337354183,0.03862553834915161,0.020435243844985962,0.008317803964018822,-0.02412368915975094,-0.006299142725765705,-0.0006111704278737307,0.01152245793491602,0.010139595717191696,-0.021917538717389107,0.012329233810305595,0.014988955110311508,0.0404445044696331,-0.03497328609228134,-0.05850362032651901,-0.011903436854481697,0.008637276478111744,0.007664745207875967,0.022707613185048103,-0.003232947550714016,-0.06401049345731735,-0.0021651210263371468,0.04824752360582352,0.011733687482774258,-0.021379176527261734,0.05280926451086998,-0.023559415712952614,0.03714590519666672,0.020457085222005844,0.011850336566567421,-0.029487306252121925,0.01492522843182087,-0.00011078728857683018,0.018106721341609955,0.03550007939338684,0.02001260407269001,-0.03202265501022339,-0.014048621989786625,-0.03744906932115555,-0.013021756894886494,-0.028753643855452538,-0.007938914000988007,0.017565829679369926,-0.011107184924185276,-0.030594324693083763,-0.0051957350224256516,-0.03110961802303791,0.010885070078074932,0.020719533786177635,-0.03163882717490196,-0.027598079293966293,0.019606057554483414,-0.01762492209672928,0.026104459539055824,0.012190055102109909,0.010862682946026325,0.013689578510820866,0.056445710361003876,0.0023054322227835655,0.016180872917175293,-0.026336414739489555,-0.02179073542356491,0.003289505373686552,-0.019244369119405746,0.0028734304942190647,0.024767933413386345,-0.02655358798801899,-0.008419960737228394,-0.032292261719703674,-0.003841742407530546,0.06010948121547699,0.004048903938382864,-0.05387134477496147,0.013233691453933716,0.04881074279546738,-0.010615721344947815,-0.015860937535762787,0.020953718572854996,-0.02827293798327446,-0.007893114350736141,0.03938481584191322,-0.013524887152016163,0.020486166700720787,0.02382604405283928,-0.04446932300925255,-0.003570656990632415,0.0013398805167526007,-0.04661872237920761,-0.07691370695829391,0.011514714919030666,-0.027028115466237068,0.014928353019058704,0.009794842451810837,-0.06975419819355011,-0.004660315345972776,-0.009512796066701412,0.007603866048157215,0.006187793333083391,-0.021268509328365326,-0.0009718277142383158,-0.0566360279917717,-0.026604153215885162,0.04894188046455383,0.025065192952752113,0.02536679059267044,0.05113412067294121,-0.028987692669034004,-0.0054064225405454636,0.031513433903455734,0.055995140224695206,0.0006765464204363525,-0.050139762461185455,0.06258682161569595,0.00017337780445814133,-0.001690975739620626,0.0404408797621727,-0.013650747016072273,-0.02175186574459076,0.08312372863292694,0.013731542974710464,-0.004548964090645313,-0.004697307478636503,-0.016551164910197258,0.036485880613327026,0.006089001893997192,-0.014398685656487942,0.013359567150473595,-0.025585461407899857,0.003592338180169463,-0.03573894500732422,-0.006043257191777229,-0.0014452699106186628,0.02899184264242649,-0.03135140985250473,-0.025859983637928963,0.02503945864737034,-0.02538272552192211,0.05507317930459976,-0.009080050513148308,-0.034978143870830536,-0.040511634200811386,0.0011154739186167717,0.03919767960906029,0.002752691973000765,0.013909691944718361,0.03919394686818123,-0.03955153003334999,0.01809689588844776,-0.013632537797093391,0.005025164224207401,0.03622846305370331,0.007004395127296448,-0.047248419374227524,0.009361768141388893,0.010711034759879112,0.009072347544133663,0.04995454475283623,-0.03701883554458618,-0.004156967159360647,0.09005153179168701,0.016405340284109116,0.01833408884704113,0.0366353876888752,0.05484885722398758,-0.008050561882555485,0.042226314544677734,-0.04993557184934616,-0.04960537329316139,-0.03464441001415253,0.02158290147781372,-0.0004009505792055279,0.07772113382816315,-0.03545239567756653,0.0788319855928421,-0.028155717998743057,-0.05061520263552666,-0.03561698645353317,-0.0034713614732027054,-0.17526106536388397,-0.02008272334933281,0.00047886365791782737,-0.0525582954287529,0.007991197519004345,0.03342193365097046,-0.041836727410554886,-0.008264998905360699,0.006227861624211073,-0.05549868568778038,-0.03471783176064491,-0.06771011650562286,0.0040636220946908,0.03557213768362999,0.035427797585725784,0.043080803006887436,-0.03452419489622116,0.026167146861553192,0.04193434864282608,-0.02090548723936081,-0.02346988208591938,-0.013246282003819942,0.0467442125082016,-0.009363883174955845,-0.02519085817039013,-0.007931491360068321,0.0723838210105896,0.007095775101333857,-0.0308684129267931,-0.03629818931221962,0.01707378774881363,0.0017603525193408132,-0.0017129655461758375,0.03736381232738495,-0.024199234321713448,0.022396748885512352,0.010671177878975868,-0.029434891417622566,0.017412913963198662,-0.009252909570932388,0.03499264642596245,0.06689583510160446,0.014480801299214363,-0.008020192384719849,0.0049469987861812115,-0.012333648279309273,0.006015101447701454,-0.011569252237677574,0.01885586977005005,0.016181373968720436,-0.008519880473613739,0.000689162639901042,-0.014113949611783028,-0.02820519730448723,-0.0685039758682251,0.0030061532743275166,0.0014738311292603612,0.04775306209921837,0.01984025165438652,0.02207936905324459,0.0064751161262393,-0.056515615433454514,0.005760782398283482,-0.034069448709487915,-0.05402549356222153,0.0030106755439192057,0.0503840297460556,-0.03671087697148323,0.022755783051252365,-0.03422337770462036,-0.006229875609278679,0.004625256638973951,-0.025129681453108788,0.002065706765279174,0.003384884214028716,0.036198921501636505,-0.01512564904987812,0.024490972980856895,-0.031723521649837494,-0.10769882053136826,0.012223823927342892,-0.015170232392847538,0.012443027459084988,-0.018336055800318718,-0.01873382367193699,-0.0562298484146595,0.011181799694895744,0.03579917922616005,-0.010828115046024323,0.2532329857349396,0.05150773376226425,-0.010388258844614029,-0.021413534879684448,0.005498080980032682,-0.007421397604048252,0.036516543477773666,0.03009948506951332,-0.03210555389523506,-0.0009739805827848613,-0.013349276967346668,0.06788305938243866,0.022234588861465454,0.003831665264442563,0.02854144014418125,0.055537063628435135,-0.05015738308429718,-0.018741659820079803,0.06838035583496094,-0.02072983980178833,-0.026545507833361626,-0.007823390886187553,-0.04415126144886017,-0.007920892909169197,-0.02953449822962284,-0.01167792547494173,0.026964394375681877,0.02404143661260605,-0.003596140770241618,-0.001443136134184897,-0.015464633703231812,-0.004757085349410772,0.033489931374788284,0.0010308990022167563,0.034910522401332855,0.012434838339686394,0.0013069245032966137,0.010647996328771114,0.012662609107792377,0.022495439276099205,-0.021575212478637695,-0.03175656124949455,0.02042778953909874,0.02175631746649742,0.024093011394143105,-0.017437616363167763,-0.03973722457885742,0.013239692896604538,0.03643668442964554,0.004703471902757883,-0.03699992969632149,-0.016547735780477524,0.0059797209687530994,-0.03388884663581848,-0.005025917198508978,-0.014252622611820698,-0.04011614993214607,0.00430322578176856,-0.02778281830251217,0.0464136078953743,0.015894457697868347,-0.003325801808387041,0.02314535155892372,-0.0027141347527503967,-0.04324733838438988,-0.0028765550814568996,0.021506119519472122,-0.010014885105192661,0.025559712201356888,0.06707128137350082,0.02001357078552246,0.06228390708565712,-0.01595844142138958,0.06464328616857529,0.05977888032793999,-0.016434844583272934,0.03376500681042671,0.024851776659488678,-0.015534861013293266,-0.044269267469644547,-0.0447423942387104,-0.01313476637005806,-0.011013578623533249,-0.028404217213392258,0.02341536246240139,0.03896547853946686,0.05033431574702263,0.021304568275809288,-0.019928891211748123,-0.0247840266674757,-0.027098946273326874,0.037214234471321106,-0.032287005335092545,0.010475939139723778,-0.02705520950257778,0.02788042090833187,-0.019134845584630966,-0.030027490109205246,-0.035752054303884506,0.05403055250644684,0.016964390873908997,-0.01755983754992485,-0.0022311359643936157,-0.013160396367311478,0.05439041182398796,-0.0053610182367265224,0.01744905486702919,-0.002554077422246337,-0.009606449864804745,0.06762424111366272,-0.04174456745386124,0.03028339520096779,-0.04153621941804886,0.009939142502844334,0.026023823767900467,0.025104226544499397,0.016151223331689835,0.015920627862215042,0.043195515871047974,0.04621013253927231,0.0015808097086846828,0.03698038309812546,-0.011230372823774815,0.03421555086970329,0.007918765768408775,0.005660759750753641,0.007821232080459595,0.010449474677443504,-0.00499995332211256,0.015516514889895916,0.042637914419174194,-0.05614122003316879,-0.08554297685623169,0.004613742232322693,0.038658518344163895,-0.009156878106296062,-0.006198813673108816,-0.008629114367067814,0.031522173434495926,-0.009519163519144058,-0.05410442873835564,0.0007920163334347308,-0.04309968277812004,0.012771516107022762,0.0009408941259607673,0.010036825202405453,0.03622915595769882,-0.005369341466575861,-0.0064585525542497635,0.043337028473615646,0.0022097488399595022,0.012477513402700424,0.02401026524603367,-0.048354875296354294,-0.01821908727288246,-0.03940964117646217,-0.033412735909223557,0.005249425303190947,-0.0035213942173868418,-0.017269877716898918,0.0071923211216926575,0.033625852316617966,0.055560071021318436,0.008745724335312843,-0.019947374239563942,0.04043854773044586,0.01117752119898796,0.022208569571375847,-0.0279922503978014,0.009468726813793182,-0.013164813630282879,-0.010168366134166718,-0.044738415628671646,0.02595674805343151,-0.010286375880241394,-0.020214471966028214,-0.028948767110705376,0.030389416962862015,-0.013724399730563164,0.00035331404069438577,-0.00731282215565443,0.005688840989023447,0.02242942899465561,-0.02448871359229088,0.01912582479417324,0.041859179735183716,-0.018366137519478798,-0.018589569255709648,0.024692388251423836,-0.012178043834865093,0.0050801560282707214,0.1255888193845749,-0.00805173721164465,-0.00796488206833601,0.03102697804570198,0.01342704240232706,0.0642935261130333,-0.020315006375312805,0.011716683395206928,-0.03533424064517021,0.014120831154286861,0.010029285214841366,0.004073432646691799,-0.007215179968625307,0.017827780917286873,0.03872310370206833,-0.005424804985523224,0.020511051639914513,-0.013249201700091362,0.010781277902424335,0.008779429830610752,0.006402736064046621,-0.048642247915267944,0.004030813928693533,0.02927803434431553,-0.014116172678768635,-0.0193158145993948,0.019709669053554535,0.0035433226730674505,-0.025753049179911613,-0.009490624070167542,0.018790360540151596,0.06262378394603729,-0.03663864731788635,0.011363531462848186,0.029167339205741882,-0.006219303235411644,-0.01704586297273636,-0.037578366696834564,0.016686754301190376,-0.007659731432795525,-0.021557362750172615,0.015766965225338936,-0.05571114644408226,0.01337472815066576,-0.004568023141473532,0.04513353481888771,0.021163342520594597,-0.004385204985737801,-0.039644915610551834,-0.032777268439531326,0.023117855191230774,-0.06403440237045288,0.012646527960896492,-0.017281342297792435,-0.04220970720052719,-0.06645642966032028,-0.02646523341536522,-0.019239498302340508,0.054609522223472595,-0.01586858741939068,-0.009679923765361309,0.004173044115304947,-0.009738791733980179,-0.007392183877527714,-0.01617147959768772,0.028202608227729797,-0.028033461421728134,-0.03779648244380951,-0.03523135930299759,-0.020593522116541862,0.030155377462506294,0.02895967848598957,-0.003936573397368193,0.014270863495767117,-0.038159895688295364,-0.01266852580010891,-0.044210534542798996,-0.030766261741518974,-0.015635674819350243,-0.037037644535303116,-0.015086772851645947,-0.010914315469563007,-0.04149876907467842,0.00819805171340704,-0.025691112503409386,-0.0056754546239972115,-0.014132725074887276,-0.00713045708835125,0.04540814086794853,-0.028467662632465363,-0.03617195412516594,-0.0013192725600674748,0.020458178594708443,0.0011025805724784732,0.027070045471191406,0.02118491381406784,0.02128385193645954,0.0018827045569196343,-0.005479483399540186,0.0011761767091229558,0.014739267528057098,-0.01561562716960907,0.039459846913814545,0.032887641340494156,0.012870687991380692,0.007046769838780165,0.0061637768521904945,-0.018611744046211243,0.016239698976278305,-0.001269398257136345,-0.007323252037167549,-0.012546801939606667,-0.024392370134592056,-0.024639245122671127,-0.0034185152035206556,0.024958668276667595,-0.007782346569001675,0.02458466961979866,-0.0045124683529138565,0.004557745065540075,-0.0651479959487915,0.021493427455425262,0.024661298841238022,-0.034810081124305725,0.008923711255192757,0.03367779403924942,-0.02425938844680786,0.006608359050005674,0.008526666089892387,-0.05146550014615059,0.023642094805836678,-0.038725920021533966,0.04774002730846405,-0.03455639258027077,-0.013410527259111404,0.025691580027341843,0.016763605177402496,-0.04298057779669762,0.016507817432284355,-0.024038447067141533,-0.018422026187181473,-0.02441428415477276,-0.011008970439434052,0.0709080845117569,0.023200275376439095,-0.005628419108688831,-0.025725681334733963,0.0401337631046772,0.035811979323625565,-0.038545046001672745,-0.05936456844210625,0.06286998093128204,-0.03541838005185127,0.021196478977799416,-0.06341157108545303,-0.016154993325471878,0.0058457818813622,-0.025811143219470978,-0.026705777272582054,-0.01701226271688938,-0.06179458647966385,-0.05673092603683472,-0.026269538328051567,0.01598348468542099,0.030003942549228668,-0.0031369533389806747,0.03496558591723442,0.005109390709549189,0.003482992760837078,-0.004066671710461378,-0.004335764329880476,-0.038123905658721924,-0.00315058883279562,-0.005867915693670511,0.008462630212306976,-0.01185572613030672,-0.026016870513558388,0.03702044114470482,-0.013329965062439442,-0.016819363459944725,0.049422383308410645,0.00554251205176115,0.026723410934209824,-0.038881801068782806,-0.002872631885111332,-0.03343355283141136,0.02135384827852249,-0.012401614338159561,0.059401389211416245,0.003863464342430234,-0.036188434809446335,-0.035416726022958755,-0.014307331293821335,0.04252929240465164,-0.027976343408226967,-0.01445593498647213,0.018019186332821846,0.014694194309413433,0.02178758941590786,0.05598270148038864,0.012523537501692772,-0.026890868321061134,-0.009375703521072865,-0.1498335301876068,-0.005515174008905888,-0.050143513828516006,-0.0016055091982707381,-0.007231186144053936,-0.010528208687901497,-0.039032839238643646,-0.006123905535787344,-0.005988063756376505,-0.035734180361032486,-0.012250936590135098,0.011189808137714863,0.014574117958545685,-0.005612816195935011,-0.018947474658489227,-0.00015024380991235375,0.03684548661112785,-0.03782596066594124,-0.004855635110288858,0.010113744996488094,0.012366431765258312,0.016722721979022026,0.08033106476068497,-0.006035767961293459,0.023516133427619934,0.002993507543578744,-0.02812155708670616,-0.011428261175751686,-0.020957374945282936,-0.03070446290075779,0.019286146387457848,-0.0030484902672469616,0.008151974529027939,0.006302125286310911,0.027490820735692978,-0.008484366349875927,0.016037141904234886,0.010908802039921284,0.032582253217697144,0.017403678968548775,-0.005416075699031353,0.013716443441808224,0.0049841441214084625,-0.0025173898320645094,0.008139816112816334,0.006194713991135359,-0.029711829498410225,-0.029807988554239273,-0.03920666128396988,0.046209972351789474,-0.04298236221075058,-0.013300980441272259,-0.002743922872468829,-0.010314426384866238,-0.03402049466967583,-0.014995269477367401,-0.05279223620891571,0.002963478211313486,0.003162578446790576,0.07042638212442398,-0.01215178519487381,0.010143688879907131,-0.03949449211359024,0.026081591844558716,-0.005829681176692247,0.05612471327185631,-0.041084323078393936,0.006322899833321571,0.013849960640072823,-0.034774187952280045,-0.038856424391269684,-0.02443538047373295,-0.04678957164287567,-0.027713647112250328,-0.0015664651291444898,-0.026340236887335777,0.04848814755678177,-0.028072332963347435,0.008168456144630909,-0.018092209473252296,0.018083656206727028,-0.012695707380771637,-0.012254003435373306,-0.01752041094005108,0.001644112286157906,-0.016201559454202652,-0.003070568200200796,-0.0006285823183134198,-0.007097891066223383,-0.006299169268459082,-0.05724846571683884,-0.01975543238222599,0.0074509684927761555,-0.06080002337694168,-0.026966765522956848,0.014001034200191498,0.005714426748454571,-0.007584059610962868,0.002580884378403425,0.012470078654587269,-0.047564905136823654,-0.011547291651368141,-0.003550601191818714,-0.008146556094288826,-0.023434335365891457,0.038873761892318726,0.004117471165955067,0.008594944141805172,0.016025952994823456,0.007655193563550711,0.0094460379332304,-0.04395243525505066,-0.02002239041030407,0.018035897985100746,-0.04354790598154068,-0.011577127501368523,-0.03805054351687431,0.029945766553282738,-0.035545218735933304,0.002206425415351987,-0.024195805191993713,-0.00601659482344985,-0.00674323970451951,-0.023287467658519745,0.00160350336227566,-0.041025884449481964,0.05190684273838997,-0.032563358545303345,-0.02229798212647438,0.0001979005173780024,-0.009504500776529312,-0.017373263835906982,-0.014290648512542248,0.035907283425331116,-0.00047622554120607674,0.01515512727200985,-0.04524841904640198,0.02003377676010132,-0.015206843614578247,0.005533180665224791,0.018176745623350143,0.0019076027674600482,-0.021765951067209244,-0.002784500829875469,0.009128198027610779,-0.02611270546913147,-0.0019026391673833132,0.02506386674940586,-0.02558434195816517,-0.027909861877560616,-0.03543839603662491,-0.016821399331092834,-0.029903365299105644,0.03479243069887161,-0.05397659167647362,0.009569681249558926,0.04826946184039116,-0.04589487239718437,-0.02180449105799198,0.07911504805088043,-0.04037422314286232,-0.10029996931552887,-0.006756512448191643,-0.024364028126001358,-0.011015974916517735,0.06116899102926254,0.01688367687165737,-0.010901194997131824,0.00979371927678585,0.03475720062851906,0.015879428014159203,0.05418989807367325,-0.011967307887971401,-0.02553017996251583,0.04557662829756737,0.007131081074476242,-0.004117434378713369,-0.012408118695020676,0.03648948296904564,-0.010542481206357479,0.015061929821968079,-0.0005116273532621562,0.02922629378736019,-0.012686292640864849,0.02591201476752758,0.013175592757761478,-0.011177861131727695,0.010105167515575886,0.012538340874016285,0.011869770474731922,-0.016408981755375862,0.00884627178311348,0.032334841787815094,0.00538780028000474,0.0602559894323349,0.04342886060476303,0.001306921592913568,-0.020006930455565453,0.023721106350421906,0.03183949738740921,-0.02473357692360878,0.016244785860180855,-0.030210908502340317,0.015036458149552345,-0.025553593412041664,-0.0254021305590868,-0.0009557213634252548,-0.057371947914361954,-0.04259679839015007,0.025273563340306282,0.016981026157736778,0.010543640702962875,-0.050166696310043335,-0.021818628534674644,0.01564330980181694,-0.04530422389507294,-0.00621165381744504,-0.00400974927470088,0.017300531268119812,-0.01708773337304592,0.02774437703192234,0.03466780483722687,-0.001542561687529087,0.006702730897814035,-0.047047942876815796,-0.014495638199150562,-0.0018422473222017288,0.06460175663232803,-0.006376753561198711,-0.03162683546543121,0.0171960536390543,0.03795899078249931,-0.03862568736076355,0.013784038834273815,0.016740016639232635,0.05259812995791435,0.005464470945298672,0.01782178319990635,-0.008643868379294872,0.004350930918008089,0.02388647012412548,0.02504623681306839,-0.001006685197353363,0.0562448613345623]","doc_1_parent_2","2026-02-08T13:57:30.652298","{}","{""107"":0.02560802549123764,""264"":0.004299066960811615,""514"":0.06836467236280441,""562"":0.03555426001548767,""592"":0.0801834985613823,""693"":0.061192095279693604,""1036"":0.191242516040802,""1064"":0.047589853405952454,""1173"":0.08788806200027466,""1278"":0.025323182344436646,""1378"":0.014338858425617218,""1737"":0.06348809599876404,""2017"":0.02005329728126526,""2564"":0.03003634512424469,""2575"":0.0062987469136714935,""2788"":0.05334337800741196,""3029"":0.015744976699352264,""3294"":0.068340003490448,""4673"":0.04956682771444321,""4742"":0.014066450297832489,""4791"":0.11540210992097855,""5003"":0.054922521114349365,""5511"":0.13667482137680054,""6523"":0.041040994226932526,""6545"":0.0059789568185806274,""7367"":0.1394396722316742,""8105"":0.031000755727291107,""8539"":0.05220837891101837,""8681"":0.025810249149799347,""10346"":0.12032435834407806,""10366"":0.05565148591995239,""10919"":0.17747025191783905,""10956"":0.020816929638385773,""11802"":0.04693852365016937,""11921"":0.04851767420768738,""13138"":0.05403105169534683,""13941"":0.03753528743982315,""14023"":0.0199892595410347,""15861"":0.021523766219615936,""17104"":0.09403451532125473,""17707"":0.18773269653320312,""18495"":0.1105148047208786,""18889"":0.09759548306465149,""20128"":0.06524669378995895,""20291"":0.17286795377731323,""20415"":0.0444558709859848,""20639"":0.18699270486831665,""21662"":0.10428469628095627,""21728"":0.04335784167051315,""22780"":0.13267843425273895,""24698"":0.07109706103801727,""25407"":0.12494617700576782,""26288"":0.07175568491220474,""28748"":0.06649117171764374,""28999"":0.10290654003620148,""29779"":0.10309991240501404,""35075"":0.08269154280424118,""35182"":0.09197315573692322,""35197"":0.14490288496017456,""41029"":0.028591059148311615,""42263"":0.015088573098182678,""43845"":0.1123448982834816,""45088"":0.10739637166261673,""46926"":0.10622692853212357,""47575"":0.08420100808143616,""48563"":0.0376405268907547,""49755"":0.12931248545646667,""53989"":0.055284492671489716,""54093"":0.04345368593931198,""54853"":0.011475667357444763,""62249"":0.12571081519126892,""66943"":0.016691699624061584,""73426"":0.05895785987377167,""77594"":0.018548239022493362,""89337"":0.13762858510017395,""95731"":0.1586526781320572,""97079"":0.1932770013809204,""105821"":0.10523467510938644,""106988"":0.20298758149147034,""108279"":0.11872807145118713,""112938"":0.23177731037139893,""113725"":0.058952413499355316,""120707"":0.047557659447193146,""133691"":0.14048020541667938,""136120"":0.07728662341833115,""140395"":0.13230153918266296,""140658"":0.06646408885717392,""141633"":0.2026374638080597,""158347"":0.10942292958498001,""166050"":0.18690773844718933,""182114"":0.15588262677192688,""213370"":0.0811791867017746,""243620"":0.1245996430516243,""244037"":0.13931894302368164,""245166"":0.12251511216163635}","如有需求，请扫描“个论”每个字母结尾处的二维码查阅相关文献。
本书使用中需要了解以下问题：
（1）由于配伍相容性与药物本身制剂特性（酸根、盐基、添加剂）
溶媒、溶液浓度、混合时间、混合温度等因素密切相关，因此本书中强调
“具体的药品”在“特定条件下”配伍是否具有物理相容性和化学稳定性。
但是为便于编排和读者查询，在目录中采用无酸根、盐基和剂型的非专利
名称（类似INN名），不具体指明某种药物的剂型，如盐酸左氧氟沙星注
射液、甲磺酸左氧氟沙星注射液和左氧氟沙星注射液，在目录中仅仅显示
为“左氧氟沙星”，读者可以在“配伍药对”的个论正文内容中查看是哪
种具体药品。同理，肝素钙和肝素钠也按相同的原则以“肝素”显示。
（2）因为混合溶液配伍相容性的研究主要涉及注射液、雾化吸入溶
液、滴眼液、滴鼻液、乳剂等液体分散系，不包含固体制剂。为精简文
果糖溶液中”类似描述。
（3）某些中药注射剂品种因为没有规范或通用的英文名称，暂且用
汉语拼音替代其英文名称，如“喜炎平”表示为“xiyanping”，“热毒宁”
用“reduning”替代其英文名称。
本书力求内容全面，但是也考虑到我国目前的临床用药品种和习惯，
对我国临床不应用的品种予以舍弃，但是增加了全部新药的配伍相容性资
料。本版全书共收录2000余组药物配伍相容性信息。
编者力求尊重文献原文，准确表述实验的设计、结果和引申的结论，
但是限于个人的能力和学识水平，难免存在纰漏或者不足之处，希望读者
予以批评指正，以使更多的医务工作者受益。
编者
2024年8月
2
目录
上编
药物配伍基础知识
配伍禁忌发生机制···
·002
、药物配伍稳定性和相容性研究
003
三、影响配伍相容性的因素···
006
四、配伍禁忌的分类··
010
五、配伍禁忌与药物相互作用的区别与联系
012
下编
药物配伍个论
A
阿地白介素+丙氯拉嗪（aldesleukin+prochlorperazine）
·016
阿地白介素+更昔洛韦（aldesleukin+ganciclovir）
.016
阿地白介素+劳拉西伴（aldesleukin+lorazepam）
·016
阿地白介素+喷他胖（aldesleukin+pentamidine）·
017
阿地白介素+异丙嗪（aldesleukin+promethazine）
017
阿法链道酶+沙丁胺醇（dornasealfa+albuterol）·
·017
阿法链道酶+妥布霉素（dornasealfa+tobramycin）
·017
阿法链道酶+异丙托溴铵+沙丁胺醇
(dornase alfa+ipratropium bromide+albuterol )
.018
阿法链道酶+异丙托溴铵（dornasealfa+ipratropiumbromide）
018","ai"
"002edb59bca4f254a795289ce01854eb","757
左氧氟沙星+替考拉宁（levofoxacin+teicoplanin）
757
左氧氟沙星+硝酸甘油（levofloxacin+nitroglycerin）
758
左乙拉西坦+果糖（levetiracetam+fructose）·
758
左乙拉西坦+氯化钠（levetiracetam+sodiumchloride）
758
左乙拉西坦+葡萄糖（levetiracetam+dextrose）.
759
左乙拉西坦+乳酸钠林格（levetiracetam+sodiumlactateRinger's）..........760
目录
069","[-0.05768109858036041,-0.013985195197165012,-0.028303226456046104,-0.018090788275003433,-0.011648186482489109,-0.02817489765584469,0.02791682817041874,0.04294098913669586,0.011639231815934181,-0.014261392876505852,-0.02904766984283924,0.010608633048832417,-0.044892568141222,-0.0025050374679267406,-0.021987373009324074,0.0020873004104942083,-0.025501834228634834,-0.018330028280615807,-0.03241783007979393,-0.002243113238364458,-0.05947893112897873,-0.0035772076807916164,-0.013701394200325012,0.007368545047938824,0.0036503514274954796,-0.005806837696582079,0.03437402844429016,-0.03197988495230675,-0.011544798500835896,0.025572793558239937,-0.014591994695365429,-0.03684050589799881,-0.007202444598078728,-0.05708138272166252,0.015783516690135002,-0.013434043154120445,0.029571406543254852,-0.03250129148364067,-0.05798498913645744,0.020717840641736984,0.02368691749870777,-0.03705507144331932,0.020502638071775436,0.02888398803770542,-0.016591288149356842,-0.05919360741972923,0.014469576068222523,-0.019787147641181946,0.012862424366176128,-0.03849821537733078,0.002542964881286025,-0.00875389575958252,0.047494176775217056,-0.0771758109331131,-0.03385921195149422,0.01878737285733223,-0.06873752921819687,-0.013958496041595936,-0.04945417866110802,0.005131633020937443,-0.006079846061766148,0.02433628775179386,-0.04569755494594574,-0.04005419462919235,-0.009023373946547508,0.037925515323877335,-0.025983596220612526,0.034780945628881454,-0.02435270883142948,-0.019512975588440895,-0.02065250463783741,0.03294602409005165,0.013129652477800846,-0.002755549969151616,-0.03651126101613045,-0.029581543058156967,0.009514125064015388,-0.012105044908821583,-0.0021673771552741528,0.023973651230335236,0.030336273834109306,0.052594974637031555,-0.025430947542190552,-0.015404095873236656,-0.03545947000384331,0.04497931897640228,0.014683757908642292,0.037412773817777634,-0.004475326742976904,0.0028926413506269455,-0.012174353934824467,-0.026577847078442574,0.003513824660331011,-0.038914602249860764,0.02974698692560196,-0.007619793061167002,-0.016003334894776344,0.02007690630853176,0.0027586142532527447,-0.027750812470912933,0.007225625216960907,0.04637223482131958,0.02570136822760105,-0.02329242043197155,0.03555801510810852,-0.001802114536985755,-0.031688086688518524,-0.018029753118753433,0.015101436525583267,-0.03340257331728935,0.01788323000073433,0.04011284559965134,0.036198072135448456,0.008806722238659859,-0.022464610636234283,0.010910259559750557,-0.006852824240922928,-0.0564148910343647,0.042918115854263306,0.0003552215057425201,0.07752341777086258,0.04112377017736435,0.022508352994918823,-0.035820167511701584,0.020157022401690483,0.05015122517943382,0.026785744354128838,0.02137892134487629,-0.02563764713704586,0.032994236797094345,-0.003035255242139101,0.049650635570287704,-0.034983079880476,-0.02250918187201023,-0.016295848414301872,0.031335461884737015,-0.004739745054394007,0.008834479376673698,0.023724529892206192,-0.06617074459791183,0.0032283493783324957,0.07114478200674057,0.04465261846780777,-0.02815089002251625,0.045898765325546265,-0.08197134733200073,-0.043725091964006424,0.013365749269723892,0.012878453359007835,-0.06178424879908562,0.053750377148389816,0.017049254849553108,0.05892641097307205,0.05679763853549957,-0.011378762312233448,-0.009003857150673866,-0.03510892391204834,-0.026516402140259743,0.023082856088876724,-0.0024689144920557737,-0.014454574324190617,0.041183434426784515,-0.0033495810348540545,-0.0015070794615894556,0.004726064391434193,-0.01877010613679886,-0.015251625329256058,0.017187390476465225,-0.038565631955862045,-0.04669630527496338,0.02165082097053528,-0.031120125204324722,0.016429180279374123,-0.00019764536409638822,-0.016315678134560585,0.004350592847913504,0.057361144572496414,-0.005223099607974291,-0.00013927527470514178,-0.04318280518054962,-0.004896740894764662,-0.015957022085785866,-0.005966426804661751,-0.004892359953373671,0.021818721666932106,-0.017322257161140442,0.006794036831706762,-0.0021425443701446056,-0.007716300897300243,-0.007086917292326689,0.00025664237909950316,-0.03757096081972122,0.018806705251336098,0.036275465041399,0.018687255680561066,-0.0008378021302632987,0.0171975027769804,-0.014961722306907177,0.0037722550332546234,0.02304334193468094,-0.028602059930562973,0.006559798493981361,0.02071339450776577,-0.03149385005235672,-0.012035851366817951,0.04067324474453926,0.0021153839770704508,-0.03884905204176903,0.017048990353941917,-0.034140441566705704,0.02791430987417698,0.012741572223603725,-0.03856303170323372,-0.021904239431023598,0.007733398582786322,-0.008495969697833061,0.012694530189037323,-0.019280187785625458,0.0151214012876153,-0.020054424181580544,0.02324792556464672,0.021708641201257706,0.01301573496311903,0.02350212261080742,0.05244436487555504,-0.049314845353364944,-0.03014267235994339,0.029847461730241776,0.0022260055411607027,-0.015846073627471924,-0.04462999477982521,0.03229987621307373,-0.010599179193377495,-0.015319336205720901,0.04563529044389725,0.0013194635976105928,0.023268694058060646,0.038374751806259155,0.015666769817471504,-0.01658438891172409,-0.020415769889950752,0.011156303808093071,0.04281780496239662,-0.028603341430425644,-0.052326690405607224,0.0030178287997841835,0.02640506625175476,0.0655970498919487,-0.0037911783438175917,0.02722654677927494,-0.006438271142542362,0.0000728803570382297,-0.03235073387622833,0.013655481860041618,0.02719265967607498,0.021519992500543594,0.058358870446681976,0.009111782535910606,-0.02338678389787674,0.0011582146398723125,0.016723211854696274,0.06761770695447922,0.032899510115385056,0.00017617632693145424,-0.024561194702982903,-0.003054061671718955,0.024741964414715767,-0.054800018668174744,0.023716475814580917,-0.027033543214201927,0.030477408319711685,-0.011512041091918945,-0.026844028383493423,-0.01336689479649067,-0.000052186678658472374,0.025768103078007698,-0.012276861816644669,0.00567177589982748,0.09528052061796188,-0.0022313965018838644,0.0021211805287748575,0.008157914504408836,0.07161819189786911,-0.01980527676641941,0.002916946541517973,-0.029776597395539284,-0.08993551135063171,0.007049150299280882,0.02300114743411541,0.046266838908195496,0.018593767657876015,-0.002779390662908554,0.06885195523500443,0.013805805705487728,-0.044059354811906815,0.013481424190104008,0.028416983783245087,-0.1831771433353424,0.018137795850634575,0.010647476650774479,-0.03058062307536602,-0.008108796551823616,0.01313011534512043,-0.0393766313791275,-0.030170535668730736,-0.007267153821885586,-0.050642941147089005,-0.013725453056395054,-0.06761746108531952,-0.01417736429721117,-0.013366727158427238,0.00976006779819727,0.021236823871731758,0.0016400263411924243,0.034759584814310074,0.04104708880186081,-0.010552025400102139,-0.030621487647294998,-0.028976835310459137,0.013100112788379192,0.012033083476126194,-0.05887153372168541,-0.04049138352274895,0.06224258616566658,0.009652686305344105,-0.01282921340316534,-0.03822145238518715,-0.01837422139942646,0.01022135280072689,-0.0026468948926776648,0.016251740977168083,-0.0196190495043993,0.025738630443811417,0.02817862667143345,-0.03361693397164345,0.020252510905265808,0.032109733670949936,0.02263994701206684,0.07329414784908295,-0.002197768772020936,0.007540146820247173,-0.008825791999697685,-0.027864165604114532,0.022631468251347542,-0.016795048490166664,-0.0246049202978611,-0.027840565890073776,0.028144672513008118,-0.02591773308813572,0.014777800999581814,0.011193818412721157,-0.04028801620006561,0.008951056748628616,-0.03805233910679817,-0.0090288445353508,0.055509284138679504,-0.030356239527463913,-0.019223641604185104,-0.08298170566558838,0.04171442613005638,-0.04989176243543625,-0.06399097293615341,-0.043069370090961456,0.012705022469162941,-0.036296818405389786,0.0384705476462841,-0.04290704056620598,0.002842316636815667,-0.001997597748413682,0.004835603758692741,0.017755242064595222,0.020548339933156967,0.013912324793636799,-0.03219909220933914,-0.001297395909205079,-0.02704722248017788,-0.11304733902215958,-0.05857831612229347,0.05860511586070061,-0.006349193397909403,0.021474815905094147,-0.014594119042158127,-0.06088728830218315,-0.0301789753139019,0.06175585836172104,-0.015536232851445675,0.26536256074905396,0.061225831508636475,0.01633673720061779,-0.0054421257227659225,0.04863274469971657,-0.004492637235671282,0.0008330647251568735,-0.0011822991073131561,-0.02524787001311779,0.008083982393145561,-0.05219772458076477,0.005545399617403746,-0.013480526395142078,-0.025666100904345512,0.027670525014400482,0.05800953134894371,-0.06745921820402145,-0.014337747357785702,0.05766275152564049,0.000808718497864902,-0.03046306222677231,-0.03329005464911461,-0.024869907647371292,-0.021782618016004562,-0.023470833897590637,0.004564246162772179,0.0046978360041975975,0.026869624853134155,0.02243015728890896,0.005419451277703047,-0.047394584864377975,-0.01183280348777771,0.024792365729808807,0.017570581287145615,0.006793485954403877,-0.015593252144753933,0.008623147383332253,0.012955056503415108,-0.00412680534645915,-0.008528897538781166,-0.033494312316179276,-0.039351195096969604,-0.007079774513840675,0.013848209753632545,0.004385627340525389,0.013226330280303955,-0.017728012055158615,0.02598150633275509,0.06597823649644852,-0.010481609031558037,-0.038206081837415695,-0.020952537655830383,-0.008394123055040836,-0.026403775438666344,0.0023522013798356056,0.023377977311611176,-0.042421966791152954,-0.02076602913439274,0.006379732396453619,0.04788849875330925,0.01911160722374916,-0.02313591167330742,-0.026054807007312775,-0.03570104390382767,-0.029974449425935745,-0.010544568300247192,0.027988703921437263,-0.019667258486151695,0.0007301807054318488,0.044425688683986664,-0.016310803592205048,0.04933622106909752,0.0177927203476429,0.04975127428770065,0.010611642152071,0.02107943966984749,0.03541688993573189,0.03798431530594826,-0.002498144982382655,0.00518096424639225,-0.04946955293416977,0.04108733683824539,0.02933969907462597,-0.02624424733221531,0.0077628339640796185,-0.017225662246346474,0.030124451965093613,-0.007788463495671749,0.011717325076460838,0.01400810293853283,0.002400726778432727,-0.017665334045886993,0.0001220736012328416,-0.020448096096515656,-0.03461846336722374,0.00014104419096838683,0.013593075796961784,-0.006028333213180304,-0.03736726939678192,0.00017193262465298176,0.01513406541198492,-0.0015881010331213474,-0.0262590479105711,-0.06162038818001747,0.04280932620167732,0.03046463243663311,-0.0029568453319370747,0.020049333572387695,-0.024317190051078796,0.030007656663656235,-0.029146919026970863,0.03642714023590088,0.0021802065894007683,0.0076528857462108135,0.0031164861284196377,0.03173673152923584,0.005145233124494553,0.008299269713461399,0.02086668834090233,0.04986497014760971,0.0007463411893695593,0.044567402452230453,-0.02531869150698185,0.05105556920170784,0.045946624130010605,0.024765241891145706,0.007576200179755688,-0.006423295475542545,-0.03378158435225487,0.0007035606540739536,-0.022861845791339874,-0.023230746388435364,-0.05243592709302902,0.03146091103553772,0.012579414062201977,0.010066057555377483,0.024247054010629654,0.015578510239720345,0.007156228646636009,0.008071871474385262,-0.027661334723234177,-0.004529157187789679,-0.02591070346534252,-0.006782500073313713,0.02490570768713951,0.0073771229945123196,-0.009926272556185722,0.013123607262969017,0.047879140824079514,0.0719834640622139,-0.0038484700489789248,-0.04162862151861191,0.03506550192832947,-0.027189917862415314,0.006961113307625055,-0.039430342614650726,-0.011633011512458324,0.01382196880877018,-0.02932414412498474,-0.01694875955581665,0.053218815475702286,0.0124345188960433,0.09383803606033325,0.006891227792948484,-0.018770193681120872,0.004480027128010988,0.002956043928861618,0.05116847902536392,0.02120157517492771,0.014172988943755627,0.02677580900490284,-0.020625093951821327,-0.020212600007653236,0.010929646901786327,-0.013644661754369736,-0.013793139718472958,-0.01535629853606224,0.052493367344141006,0.008666488341987133,0.058234747499227524,0.022071566432714462,-0.020032890141010284,0.023900825530290604,-0.013727357611060143,0.04579756408929825,0.00044040571083314717,-0.03678511828184128,-0.034138407558202744,0.029408391565084457,-0.01370201539248228,-0.02376427687704563,0.08298296481370926,0.030555887147784233,-0.03067651577293873,0.03420836478471756,-0.01756424270570278,0.041414808481931686,-0.04034280404448509,0.022287238389253616,-0.015025414526462555,0.010729293338954449,0.03438876196742058,0.007160573732107878,0.009640999138355255,-0.021775588393211365,-0.004952816292643547,-0.04337763413786888,0.053750958293676376,-0.05162085220217705,-0.006348986178636551,0.023950573056936264,-0.015033676289021969,-0.03357283025979996,-0.0011197581188753247,0.023413773626089096,-0.012227687984704971,0.0024232438299804926,0.011963270604610443,-0.010306970216333866,-0.027253855019807816,0.0016886623343452811,0.012335492298007011,-0.012573027983307838,-0.046681392937898636,-0.021780923008918762,0.04504925757646561,-0.019035590812563896,-0.01751047745347023,-0.03742823749780655,0.012647707015275955,-0.004399776924401522,0.004163880366832018,0.002333446405827999,-0.02742265723645687,0.03726603463292122,-0.011772414669394493,0.049641210585832596,0.05439699813723564,0.031933337450027466,-0.01058963593095541,0.00428777327761054,-0.0044412631541490555,-0.04891012981534004,0.012182687409222126,-0.0010397816076874733,0.0036678235046565533,-0.03821360319852829,-0.02841390296816826,-0.0036840219981968403,0.0287899412214756,-0.030314039438962936,0.023144232109189034,0.006276297848671675,-0.02623412199318409,0.01164240762591362,0.008656049147248268,0.021164126694202423,-0.03487841412425041,-0.039384037256240845,-0.03297676146030426,-0.01934683509171009,0.04838874563574791,0.02914607897400856,0.003848435590043664,-0.021671056747436523,-0.025584246963262558,0.0007393178530037403,-0.03164629265666008,-0.017770472913980484,-0.0026020004879683256,-0.012192673981189728,-0.0007165946299210191,-0.04671337828040123,-0.03590855374932289,0.03892196714878082,0.006324118468910456,0.02289523556828499,-0.03746502846479416,0.016153832897543907,-0.03869566321372986,-0.008507030084729195,-0.06705686450004578,0.020668864250183105,0.007955726236104965,0.015557577833533287,0.0620131641626358,0.014320713467895985,0.037302207201719284,0.008778889663517475,-0.011575290933251381,-0.014988115057349205,0.021179553121328354,-0.03216706961393356,0.03679075464606285,0.02614464797079563,0.007048000115901232,-0.006974478252232075,0.020267968997359276,-0.01839759387075901,0.022554360330104828,-0.0048197293654084206,0.0203855000436306,-0.02294749766588211,-0.030197665095329285,-0.025967834517359734,0.0052525196224451065,-0.007246359717100859,-0.005616327747702599,0.013606827706098557,-0.03535708785057068,0.0018673022277653217,-0.029042106121778488,-0.03618133068084717,0.013156335800886154,0.05859387293457985,-0.008487530052661896,0.0408036969602108,-0.03891675919294357,0.020962927490472794,0.021788105368614197,-0.008872888050973415,-0.012366303242743015,-0.029107242822647095,-0.011678218841552734,-0.030709803104400635,0.015435256995260715,-0.0033475349191576242,0.01693728379905224,-0.04749269410967827,-0.040998511016368866,-0.010205783881247044,-0.01790803298354149,-0.03821466863155365,-0.036500126123428345,0.04291022568941116,0.024957161396741867,0.028667738661170006,0.024433551356196404,0.031024375930428505,-0.014256957918405533,-0.010594162158668041,-0.010753979906439781,0.07034534215927124,-0.017208190634846687,0.007692253682762384,-0.05197600647807121,-0.012636448256671429,-0.002349436515942216,-0.007136593572795391,0.03127983212471008,0.011113413609564304,-0.010108524933457375,-0.04263542965054512,-0.05324312672019005,0.035006240010261536,0.00024551362730562687,0.020703712478280067,0.011906897649168968,0.02980935201048851,0.049978043884038925,0.012442747130990028,-0.01560647040605545,-0.038355376571416855,-0.03884759917855263,-0.018947523087263107,0.03159545361995697,0.01786014623939991,-0.024945184588432312,0.04160844907164574,0.005865334998816252,0.013275274075567722,0.021910568699240685,-0.019207170233130455,0.027914078906178474,-0.04610400274395943,0.032583776861429214,0.0008506298181600869,-0.0330665297806263,0.02142183668911457,0.04199941083788872,-0.013324671424925327,-0.0326741486787796,-0.06819819658994675,-0.0353861078619957,0.04231975972652435,-0.017767230048775673,-0.023239117115736008,0.03352123871445656,0.022257724776864052,0.027625715360045433,-0.010228008031845093,0.003917424473911524,0.0024171650875359774,0.0015194659354165196,-0.1367548257112503,-0.0415477491915226,-0.025367531925439835,-0.005572289228439331,-0.006545747630298138,0.011490289121866226,-0.019134728237986565,0.008102423511445522,-0.05208701640367508,-0.03600535914301872,0.035417694598436356,-0.011869614943861961,0.046056944876909256,-0.028736328706145287,-0.022737570106983185,0.0055891601368784904,0.012261422351002693,-0.050208624452352524,-0.020008083432912827,0.02336653135716915,0.00006687358836643398,-0.04067372530698776,0.02685159631073475,-0.014367078430950642,-0.003566910047084093,0.000383895356208086,0.03418834134936333,-0.02617514692246914,-0.006011649500578642,-0.002931886585429311,0.021163849160075188,-0.0008924721041694283,0.006221122108399868,0.007129020523279905,-0.0004916702746413648,-0.007173172198235989,-0.01151407603174448,0.027466269209980965,-0.004331004805862904,0.0025156280025839806,0.005162067245692015,0.004954914562404156,-0.00038608635077252984,-0.007142036221921444,-0.0147177679464221,0.021314924582839012,-0.003694700077176094,-0.0056547909043729305,0.020823884755373,0.04960581660270691,-0.019053753465414047,0.008115017786622047,0.007583569269627333,0.009552927687764168,-0.008089541457593441,-0.007853233255445957,-0.022768154740333557,-0.02081567980349064,0.026336483657360077,0.06069948896765709,-0.01929059624671936,0.03339702636003494,-0.03815944865345955,-0.012170765548944473,0.03591311722993851,0.007974502630531788,-0.05351180210709572,0.011217278428375721,0.007348924875259399,-0.0449749119579792,-0.025489477440714836,0.03445599973201752,0.011316626332700253,-0.0004773822729475796,0.03669502213597298,-0.02609560824930668,0.00136016053147614,0.002883095061406493,-0.01629704423248768,-0.050302471965551376,0.004601783584803343,-0.012004091404378414,-0.003078197594732046,-0.008129017427563667,0.0312725193798542,-0.010075770318508148,-0.012298492714762688,-0.015114985406398773,-0.022442981600761414,-0.020560532808303833,-0.03860767185688019,-0.04432930424809456,0.024287395179271698,-0.0647333487868309,-0.01660522073507309,0.00984673760831356,-0.001453991630114615,-0.011421860195696354,-0.027858655899763107,-0.015006846748292446,-0.021910350769758224,-0.018185466527938843,0.022986600175499916,0.003489634022116661,0.0020493355114012957,0.04436750337481499,0.011230598203837872,-0.0006402974249795079,0.025033924728631973,-0.0018024677410721779,0.006632597651332617,-0.001098042936064303,-0.047229379415512085,0.022613609209656715,-0.002406636718660593,-0.023164762184023857,-0.01680603437125683,-0.025260088965296745,-0.025171594694256783,-0.007835227996110916,-0.010176952928304672,0.019164729863405228,0.03454575315117836,-0.013029610738158226,0.002459441777318716,-0.04995635896921158,0.049353137612342834,-0.029002714902162552,-0.02827833592891693,0.028403865173459053,-0.02353590354323387,-0.05417671799659729,-0.040212348103523254,-0.0035402157809585333,-0.0009328277665190399,0.00262832292355597,-0.05237368494272232,0.04087242856621742,-0.025266556069254875,-0.013008593581616879,0.012604386545717716,-0.012653219513595104,-0.037602633237838745,-0.01410643570125103,0.020137865096330643,-0.006633194163441658,0.025771474465727806,0.002457654569298029,-0.053222984075546265,-0.045268308371305466,-0.047599177807569504,0.010752426460385323,0.0075335814617574215,0.0253769438713789,-0.0323520191013813,-0.006438340526074171,0.052148520946502686,-0.03501636162400246,-0.0017561325803399086,0.031671248376369476,-0.03621077165007591,-0.07740200310945511,0.0011535343946889043,0.0010968286078423262,-0.02059107832610607,0.07165296375751495,-0.012399095110595226,-0.009541606530547142,-0.024982180446386337,0.06144506111741066,0.03236629068851471,0.004028709605336189,-0.014110750518739223,-0.014979222789406776,0.0691569596529007,-0.005455821752548218,-0.029971839860081673,-0.018362946808338165,0.01354613620787859,0.018582815304398537,0.01735215075314045,-0.017999999225139618,-0.011582423001527786,-0.012782957404851913,0.019147729501128197,0.027945950627326965,0.0021481532603502274,0.02128114178776741,0.00353763485327363,0.06101144477725029,0.006390632130205631,0.006427225656807423,0.009657861664891243,0.000007860341611376498,0.051968563348054886,0.0193020012229681,-0.01043769996613264,-0.007509616669267416,0.04319204390048981,0.0613965280354023,-0.017872566357254982,-0.016489192843437195,-0.018770258873701096,-0.018529120832681656,-0.02844727598130703,-0.00740070128813386,0.017302945256233215,-0.06841590255498886,0.02618510089814663,-0.003790122689679265,-0.01639806292951107,0.014166640117764473,-0.02229965105652809,-0.013489705510437489,0.012641591019928455,-0.020602993667125702,0.009409276768565178,0.005630192346870899,0.029780007898807526,0.05786442011594772,0.03204330801963806,0.04565339908003807,0.0025288190227001905,-0.00654987059533596,0.01060891430824995,-0.017051829025149345,-0.008196312934160233,0.013267427682876587,0.016903115436434746,-0.00805762130767107,-0.03301617130637169,0.011614764109253883,-0.05482272431254387,-0.024302328005433083,0.02398316003382206,0.0004814385902136564,-0.024030759930610657,0.013076717033982277,0.049438104033470154,-0.016973432153463364,0.029004504904150963,0.034226253628730774,-0.025663016363978386,0.008756107650697231]","doc_1_parent_93","2026-02-08T13:57:30.652298","{}","{""6"":0.12348569929599762,""7"":0.004072714596986771,""11"":0.0020455345511436462,""16"":0.06827566027641296,""25"":0.08475205302238464,""67"":0.08966270089149475,""73"":0.13758239150047302,""132"":0.082579106092453,""133"":0.041399501264095306,""194"":0.05813673138618469,""361"":0.0559132918715477,""965"":0.11843302845954895,""991"":0.06866997480392456,""1052"":0.044662490487098694,""1126"":0.09777259826660156,""1280"":0.0241691991686821,""1328"":0.19441363215446472,""1484"":0.09234065562486649,""2506"":0.0051381513476371765,""2537"":0.169613778591156,""2955"":0.06314733624458313,""3300"":0.0997687429189682,""3443"":0.11790525168180466,""3798"":0.052297234535217285,""3891"":0.04601575434207916,""3942"":0.1175340861082077,""4880"":0.03899974003434181,""5197"":0.0641278624534607,""5868"":0.1877240091562271,""6333"":0.15981653332710266,""6347"":0.1550350934267044,""6858"":0.17564108967781067,""7367"":0.2140069305896759,""10057"":0.20478864014148712,""12975"":0.20495811104774475,""13138"":0.12253738939762115,""13941"":0.10646127164363861,""14931"":0.032034315168857574,""15922"":0.03884751349687576,""18889"":0.16705426573753357,""19888"":0.10881306231021881,""20415"":0.081877700984478,""21228"":0.21482808887958527,""23129"":0.0602726936340332,""25407"":0.18303576111793518,""28483"":0.06859755516052246,""28549"":0.037676066160202026,""29779"":0.15652014315128326,""33406"":0.13081827759742737,""33538"":0.07649892568588257,""39659"":0.0041199736297130585,""52347"":0.09817957878112793,""53044"":0.11491315811872482,""54565"":0.18138335645198822,""58465"":0.06532097607851028,""81890"":0.020222174003720284,""89337"":0.2179047167301178,""99407"":0.1235688105225563,""110216"":0.1078009232878685,""110608"":0.04383194446563721,""125928"":0.08264783769845963,""128616"":0.07911239564418793,""147797"":0.10661308467388153,""178710"":0.15902915596961975,""178785"":0.2598716616630554,""224498"":0.07266031205654144,""242260"":0.12623614072799683,""244037"":0.17457297444343567,""245166"":0.20990514755249023}","757
左氧氟沙星+替考拉宁（levofoxacin+teicoplanin）
757
左氧氟沙星+硝酸甘油（levofloxacin+nitroglycerin）
758
左乙拉西坦+果糖（levetiracetam+fructose）·
758
左乙拉西坦+氯化钠（levetiracetam+sodiumchloride）
758
左乙拉西坦+葡萄糖（levetiracetam+dextrose）.
759
左乙拉西坦+乳酸钠林格（levetiracetam+sodiumlactateRinger's）..........760
目录
069
左乙拉西坦+转化糖（levetiracetam+invertsugar）
·760
唑来麟酸+乳酸林格（zoledronicacid+lactatedRinger’s）
·761
唑来膦酸+林格液（zoledronicacid+Ringer’ssolution）
·761
唑来麟酸+氯化钙（zoledronicacid+calciumchloride）
·761
唑来麟酸+葡萄糖酸钙（zoledronicacid+calciumgluconate）
761
唑来膦酸+亚叶酸钙（zoledronicacid+calciumfolinate）
761
070
新编药物配伍禁忌速查手册
基于2000组药物配伍研究结果
上编
药物配伍基础
知识
药物配伍相容是指2种或2种以上的肠外制剂（包括注射剂、雾化
溶液、滴眼剂、洗剂或外用乳剂等）体外配伍时保持了化学稳定性和物
理相容性，在一定的条件下使用不存在疗效降低和安全性隐患。药物配伍
禁忌是指2种或2种以上的肠外制剂（尤其是注射剂、雾化溶液）配伍时
出现化学不稳定（如主药含量显著降低、产生不明杂质等）和/或物理不
相容性（外观变化、不溶性微粒超标等），这些变化影响治疗药物的安全
性和有效性。一般来说，配伍的临床观察和实验室研究的结果包括3种情
况：可以配伍、谨慎配伍和配伍禁忌。本书的推荐意见就采用这3种配伍
情况。
注射液的配伍包括3种混合方式：Y型输液通路、静脉输液袋（瓶）
混合和预混注射器。在Y型输液通路（三通）中混合，如果不是原液，
则药物浓度相对较低，混合时间短暂；静脉输液袋（瓶）中混合，药物的
浓度低，但是混合时间可能从数分钟到数小时；预混注射器内混合，药物
浓度相对高，存储时间久。因此，同样的两种（或以上）的注射药物在上
述三种混合情况下可能有不同的配伍结果。
在1981年就编辑了一本供护士参考的注射剂配伍的手册。5年后，Zeller
等[2）也基于当时的文献报道和标准参考书，为冠心病监护病房（CCU
病房）的药师和护士制作了一个药物配伍表格。但是真正把配伍禁忌
研究和临床应用推上顶峰的则是LawrenceA.Trissel。Trissel是著","ai"